nodes,label
1,1
1,2
2,1
3,2
4,1
4,2
6,1
10,2
10,3
12,1
12,2
13,2
15,1
16,2
17,4
17,1
17,2
18,2
19,2
20,2
20,5
20,1
22,1
22,2
23,6
23,2
24,2
24,7
24,1
26,2
26,1
29,1
30,2
31,1
31,2
32,8
32,9
32,10
32,2
32,7
34,2
36,2
36,7
37,2
37,5
38,1
39,2
41,2
42,11
44,1
44,2
46,2
47,1
47,2
49,2
49,1
51,2
53,2
54,12
54,2
54,1
58,1
59,2
60,2
61,9
61,26
61,7
62,9
62,1
62,17
62,7
62,2
63,2
64,1
64,2
65,2
67,2
68,2
69,17
69,2
70,2
70,1
71,1
72,3
72,7
72,2
73,3
74,3
75,2
76,3
76,2
78,2
80,2
81,2
82,6
82,1
82,2
87,7
87,2
89,14
89,1
89,2
91,3
93,2
96,2
98,10
100,2
100,7
100,3
101,3
101,9
101,2
102,3
103,2
104,2
105,9
106,3
106,7
107,2
108,7
108,2
109,2
110,2
112,1
112,2
113,2
114,3
114,5
115,2
115,5
115,7
115,3
116,3
117,3
117,17
117,18
118,2
119,3
119,9
120,7
120,3
121,7
122,3
122,9
122,7
122,2
123,2
124,1
124,2
125,2
126,2
126,3
127,9
127,2
128,7
128,2
129,7
129,2
130,2
132,3
132,2
133,11
133,3
133,9
133,2
133,1
134,9
134,3
135,3
135,7
135,17
135,2
136,2
136,7
136,1
137,3
138,7
138,2
140,3
140,2
141,2
142,2
142,1
146,2
147,2
148,2
149,1
149,2
150,2
150,1
151,11
152,2
152,11
153,2
153,1
154,2
154,1
155,2
155,1
156,1
156,2
157,2
158,2
159,2
160,2
161,2
161,1
162,2
164,9
164,7
165,2
166,2
167,9
167,3
167,2
168,2
168,1
169,1
170,2
171,2
172,2
173,2
173,3
174,9
175,3
175,2
176,2
176,3
177,3
179,2
180,2
182,7
182,2
182,22
184,2
186,2
187,2
187,11
191,2
193,3
195,2
196,9
203,2
204,2
205,7
206,3
209,3
209,2
210,2
212,9
213,2
213,11
214,7
215,2
217,1
217,2
218,2
218,7
218,10
218,3
219,9
222,2
223,3
223,2
224,15
224,2
226,2
228,2
231,2
231,1
232,2
232,1
233,2
233,7
233,1
237,1
240,1
240,2
241,10
241,2
241,1
242,2
243,2
246,2
247,2
248,2
251,2
252,2
252,1
253,1
254,1
255,7
255,2
256,2
257,3
257,18
258,2
258,1
258,3
260,4
261,18
261,2
264,3
266,2
267,2
267,1
272,7
273,18
273,3
273,9
274,18
275,7
277,2
277,1
278,2
278,1
279,2
279,1
280,2
281,2
282,2
282,1
284,2
285,2
285,1
286,2
286,1
287,7
288,3
291,3
291,7
291,2
292,7
293,7
293,3
294,7
295,7
295,2
296,6
296,2
296,1
297,6
298,2
298,7
299,2
300,1
300,2
301,3
301,2
302,2
302,5
302,1
303,2
303,1
304,2
305,2
306,2
307,2
308,2
309,10
309,13
309,7
309,1
310,2
310,5
310,1
311,1
311,2
312,2
312,1
313,2
314,2
315,6
315,2
316,2
317,3
317,7
317,2
318,4
318,2
318,1
318,14
321,7
321,15
324,2
325,3
328,3
340,7
340,2
341,2
342,3
342,16
343,9
343,2
343,3
349,1
349,2
350,2
350,1
350,14
351,2
352,2
353,2
354,3
354,2
355,2
358,7
359,3
359,9
361,7
362,7
362,2
364,2
365,2
366,7
368,7
368,2
369,2
371,2
377,2
379,2
380,9
381,2
381,1
384,7
384,2
384,1
386,7
386,2
387,7
388,9
388,3
388,2
389,2
389,1
390,7
390,2
391,7
392,2
393,3
396,2
397,9
397,3
399,2
399,3
400,9
400,3
400,7
400,2
401,3
401,15
401,2
403,3
404,3
406,2
407,9
408,9
408,3
408,2
409,3
409,2
410,3
410,2
411,3
411,2
412,3
414,2
417,2
418,2
418,1
419,3
420,2
422,9
423,2
423,14
424,2
425,2
427,17
427,2
427,9
427,1
427,10
427,3
428,17
428,2
428,10
428,1
428,3
429,1
429,2
430,2
430,10
430,1
431,2
432,2
434,2
434,10
435,2
436,10
437,1
437,2
438,7
438,2
438,1
439,10
440,2
440,3
441,2
442,2
443,2
444,2
446,2
447,2
448,2
449,2
449,1
452,2
453,2
454,2
454,1
455,2
456,2
457,1
457,7
457,2
458,14
458,1
458,3
458,2
459,2
462,9
462,2
463,9
464,2
464,1
465,2
465,1
466,1
466,2
467,1
469,1
469,2
470,2
470,1
472,2
473,2
474,2
475,2
475,5
475,1
477,2
478,2
479,1
479,2
485,2
486,2
487,2
488,2
489,2
493,14
496,2
496,1
497,2
500,18
500,2
500,3
501,7
502,2
503,2
503,1
505,2
506,2
507,2
511,2
512,2
513,2
514,2
514,1
515,2
516,2
516,3
517,2
517,1
518,1
520,1
520,2
521,2
523,1
523,2
524,6
524,2
526,3
527,2
529,2
531,3
531,7
532,2
532,1
534,2
535,6
535,7
535,2
535,1
536,2
537,2
537,1
538,11
538,2
539,9
540,2
543,3
544,2
545,2
546,2
547,2
549,2
552,18
552,3
555,2
555,1
557,2
558,2
559,2
559,4
559,14
559,1
560,2
560,1
561,2
561,8
561,5
561,14
561,1
561,7
562,2
564,2
566,2
566,5
568,2
568,1
570,7
573,2
573,7
576,3
577,3
578,7
579,9
579,2
579,5
579,3
580,2
581,2
582,1
583,2
585,2
585,11
585,6
586,3
586,9
586,2
587,2
588,1
589,2
589,5
589,3
590,2
591,2
592,10
592,2
593,2
594,2
594,1
595,2
595,1
596,2
597,2
601,3
602,3
603,9
603,11
603,2
603,3
605,3
606,1
607,2
608,2
609,11
609,2
610,3
612,2
613,2
614,1
614,2
615,2
616,1
617,2
617,1
619,2
619,9
619,7
619,3
620,3
621,15
621,3
622,10
624,2
625,2
626,19
626,3
626,2
627,3
627,2
628,3
628,20
628,2
628,1
629,3
629,2
630,2
634,2
634,7
635,2
636,2
637,18
638,18
638,3
643,2
644,9
644,3
645,2
646,2
647,2
652,2
652,1
653,7
654,1
654,2
655,11
655,2
655,5
655,12
655,7
658,2
659,2
660,10
660,2
663,2
664,2
664,3
665,21
665,2
668,2
669,3
671,2
671,7
672,2
673,2
674,9
674,2
674,7
674,12
674,1
675,2
676,7
678,2
679,2
679,6
679,22
682,2
682,1
683,3
683,2
684,2
684,1
685,2
686,2
687,2
688,2
689,2
690,2
691,2
692,3
692,11
692,2
694,3
694,2
695,3
695,2
696,6
696,2
697,3
697,2
698,3
698,2
699,3
700,1
700,2
701,1
702,2
703,2
703,1
704,9
704,1
704,2
707,1
708,2
712,2
713,14
713,9
713,2
713,1
715,1
715,2
716,2
716,1
717,1
717,2
718,3
718,17
719,2
720,2
720,1
721,2
722,2
724,3
724,9
725,3
725,9
726,9
726,3
727,9
727,2
727,3
727,7
728,9
728,3
728,7
729,2
730,1
731,1
731,2
733,2
736,3
736,9
737,3
737,9
737,2
738,2
739,2
739,5
740,2
743,8
743,2
743,1
744,2
745,2
745,7
746,11
746,12
746,2
749,3
751,2
751,9
753,1
753,2
755,1
759,11
759,2
760,2
761,2
763,2
764,2
765,2
766,1
766,2
767,9
770,2
772,3
772,7
774,2
774,1
775,2
776,2
777,2
777,1
778,2
778,6
779,6
780,2
782,2
782,1
783,2
783,1
784,17
784,2
785,7
785,1
786,17
786,10
786,14
786,2
786,1
789,1
791,2
793,9
793,3
794,2
795,3
795,15
795,7
795,2
796,12
796,2
798,3
798,9
798,7
799,7
800,2
801,9
801,7
802,3
802,2
803,2
804,7
804,2
805,2
805,1
805,14
807,2
807,1
808,2
809,2
810,2
811,12
812,9
812,3
813,2
813,1
818,2
819,2
819,1
820,2
820,1
820,10
821,1
821,24
821,2
821,10
822,2
823,1
825,3
825,2
825,11
826,3
826,2
827,1
827,2
828,3
828,9
828,2
829,3
830,3
830,9
831,9
833,3
833,9
834,3
836,2
840,2
843,2
845,2
845,5
849,2
850,2
854,2
865,2
869,2
874,2
875,2
877,2
879,2
881,2
883,2
883,7
885,2
886,2
886,14
886,1
887,1
887,2
888,3
889,2
889,3
890,3
890,9
890,2
891,7
891,3
891,2
893,2
894,14
894,1
894,2
895,2
895,1
896,2
897,2
897,7
899,3
899,7
899,2
900,7
901,3
901,7
902,3
904,2
905,2
906,2
907,2
909,7
911,2
912,3
912,2
913,2
914,2
916,2
918,2
919,2
920,2
922,2
924,2
925,2
926,2
927,9
927,3
927,2
928,2
928,1
928,3
930,7
932,2
932,1
933,3
934,2
936,9
936,7
937,17
937,2
937,1
938,23
938,1
939,7
939,3
941,2
942,2
943,2
943,5
945,2
946,2
948,2
949,2
951,3
956,2
957,3
958,2
961,2
962,2
964,2
964,1
969,2
969,1
970,9
970,3
970,2
971,1
971,2
972,3
973,1
973,2
975,3
975,2
975,5
976,2
977,7
977,2
979,3
982,2
983,2
984,1
984,2
985,7
986,9
986,2
987,9
988,2
988,7
989,3
990,2
991,3
992,5
992,2
993,2
993,5
994,2
996,2
996,3
997,3
1000,9
1000,3
1001,2
1003,3
1004,3
1005,7
1007,2
1010,2
1014,10
1014,2
1014,1
1015,2
1015,1
1015,3
1016,2
1017,2
1018,2
1019,2
1020,3
1020,2
1020,7
1020,1
1021,1
1021,2
1023,2
1023,1
1024,3
1025,2
1025,1
1026,2
1026,1
1027,2
1028,3
1028,9
1028,2
1029,2
1029,3
1030,3
1030,2
1031,2
1032,2
1033,2
1035,2
1035,10
1035,7
1035,1
1035,3
1036,10
1036,2
1036,7
1036,1
1037,2
1037,1
1038,2
1038,1
1039,2
1040,1
1040,14
1040,2
1041,2
1042,2
1043,2
1043,1
1044,2
1044,5
1045,2
1045,5
1045,7
1047,2
1047,1
1048,2
1050,2
1050,3
1052,2
1055,2
1056,2
1056,1
1057,2
1057,1
1060,2
1060,1
1061,2
1061,9
1061,14
1061,1
1062,2
1063,7
1064,3
1064,7
1065,2
1066,2
1068,2
1069,3
1069,2
1071,2
1071,1
1074,2
1075,6
1075,2
1075,1
1076,3
1076,9
1076,2
1078,2
1079,3
1080,12
1080,11
1080,2
1080,5
1080,1
1082,2
1082,1
1083,2
1083,1
1084,3
1086,3
1086,2
1087,7
1088,2
1089,2
1090,2
1091,2
1091,1
1095,2
1095,1
1096,2
1098,2
1098,11
1099,2
1099,1
1100,2
1100,1
1100,14
1101,2
1102,1
1103,1
1104,2
1105,1
1105,2
1106,2
1106,3
1109,2
1110,2
1111,2
1112,2
1113,2
1113,7
1114,2
1116,2
1117,7
1119,7
1120,2
1123,7
1125,2
1125,1
1130,2
1131,2
1131,1
1132,2
1132,1
1133,6
1133,2
1133,1
1134,2
1135,2
1136,2
1137,19
1137,15
1137,3
1138,22
1138,2
1138,6
1139,2
1139,3
1139,1
1140,2
1141,2
1141,14
1141,3
1142,2
1142,5
1142,7
1144,2
1145,1
1145,2
1146,22
1146,9
1146,2
1147,1
1148,3
1148,9
1148,2
1148,1
1149,7
1150,7
1150,9
1152,7
1152,2
1152,3
1153,3
1153,2
1154,2
1157,2
1158,2
1158,10
1159,2
1160,3
1160,2
1161,2
1162,2
1162,7
1162,1
1163,2
1164,2
1165,3
1165,5
1165,2
1166,2
1166,1
1168,2
1170,23
1172,2
1173,2
1174,2
1175,2
1176,2
1177,2
1177,14
1177,1
1177,7
1178,2
1178,1
1178,7
1179,2
1181,2
1183,7
1184,2
1185,2
1187,2
1188,2
1188,1
1190,2
1191,2
1194,2
1195,2
1196,2
1197,2
1198,11
1198,2
1199,9
1202,7
1203,2
1203,1
1204,2
1204,3
1205,2
1205,3
1206,3
1206,2
1207,3
1214,7
1215,2
1217,15
1217,3
1217,2
1219,9
1221,3
1223,2
1224,11
1224,12
1224,2
1224,5
1225,23
1226,2
1227,2
1228,2
1228,1
1229,2
1229,7
1229,1
1230,2
1230,1
1231,2
1231,1
1232,2
1232,1
1233,3
1233,18
1234,2
1235,22
1235,2
1235,6
1235,5
1236,2
1236,7
1236,1
1236,3
1237,2
1238,2
1239,2
1239,6
1240,2
1240,1
1240,3
1241,2
1241,1
1241,24
1241,23
1242,2
1242,10
1242,1
1243,2
1243,1
1244,2
1245,2
1245,1
1246,2
1246,1
1247,1
1248,25
1248,2
1248,1
1250,2
1251,2
1257,1
1258,1
1258,2
1259,2
1260,2
1260,1
1261,2
1261,7
1261,5
1262,2
1263,2
1264,2
1264,1
1265,2
1265,5
1266,2
1267,2
1268,2
1268,1
1269,2
1271,2
1272,2
1272,6
1272,7
1273,10
1273,13
1275,2
1277,2
1278,2
1279,2
1280,2
1280,5
1281,2
1281,5
1284,2
1284,1
1285,2
1287,2
1287,5
1288,2
1290,7
1290,2
1296,2
1297,2
1297,5
1298,2
1299,13
1299,2
1300,9
1301,2
1301,5
1301,7
1302,2
1302,1
1303,2
1304,2
1307,3
1308,2
1310,2
1312,2
1313,2
1315,2
1317,2
1318,3
1319,2
1320,2
1320,1
1321,11
1321,13
1323,2
1324,14
1325,7
1325,5
1325,2
1326,2
1327,2
1327,1
1328,3
1329,7
1329,2
1338,9
1338,3
1341,2
1342,7
1344,1
1344,2
1346,2
1348,7
1348,2
1350,2
1351,3
1354,2
1355,7
1355,3
1355,2
1358,2
1360,2
1361,2
1363,2
1364,2
1365,2
1366,9
1366,26
1367,1
1368,1
1368,2
1369,2
1370,2
1372,1
1373,2
1376,2
1378,9
1379,6
1379,2
1381,2
1381,5
1381,1
1383,2
1383,1
1384,2
1384,1
1385,2
1387,2
1388,2
1389,2
1389,1
1390,2
1391,1
1391,2
1392,2
1392,1
1393,1
1393,2
1394,2
1394,1
1395,2
1398,2
1399,9
1399,2
1399,3
1400,2
1400,1
1400,7
1401,2
1401,1
1402,1
1402,2
1403,1
1403,2
1404,9
1404,2
1404,7
1405,2
1407,2
1408,3
1411,3
1412,2
1413,2
1414,2
1415,3
1416,2
1417,3
1417,7
1417,2
1417,9
1418,3
1418,7
1419,3
1419,9
1419,7
1421,7
1422,9
1423,2
1423,5
1425,2
1425,5
1425,3
1426,9
1428,2
1428,7
1429,2
1430,11
1430,2
1430,5
1434,3
1435,7
1435,2
1435,1
1436,3
1436,2
1437,2
1439,2
1440,2
1440,1
1442,2
1443,3
1443,2
1448,3
1448,9
1451,2
1452,7
1452,2
1452,1
1453,7
1453,9
1453,3
1453,18
1453,27
1454,2
1454,1
1455,17
1455,7
1456,22
1456,2
1456,1
1457,3
1457,2
1458,2
1458,1
1458,14
1459,7
1460,3
1461,7
1461,3
1461,2
1462,7
1462,26
1463,2
1463,1
1464,2
1466,27
1466,3
1466,7
1466,21
1467,3
1467,7
1468,2
1468,7
1469,2
1470,2
1470,1
1473,3
1473,7
1474,2
1475,2
1475,1
1476,5
1476,2
1477,1
1477,4
1477,2
1478,2
1479,2
1480,2
1481,2
1482,2
1482,1
1483,2
1484,2
1485,2
1486,2
1487,10
1488,3
1488,7
1488,21
1488,2
1490,2
1490,5
1491,2
1492,2
1493,2
1494,2
1495,2
1495,5
1496,5
1496,2
1497,2
1498,2
1498,1
1499,2
1499,5
1500,2
1501,2
1501,5
1502,2
1503,2
1503,1
1503,14
1504,2
1504,7
1507,1
1510,2
1514,1
1515,2
1517,11
1517,12
1519,3
1520,11
1520,2
1521,9
1522,3
1523,9
1523,3
1523,7
1524,9
1524,3
1525,7
1526,2
1527,1
1527,2
1528,1
1528,2
1529,2
1529,1
1529,14
1530,1
1531,2
1532,2
1533,2
1534,2
1534,1
1535,13
1536,2
1537,2
1538,13
1538,1
1538,2
1539,2
1540,14
1540,2
1541,2
1542,13
1542,2
1543,13
1543,1
1543,2
1544,2
1544,1
1545,2
1546,2
1546,10
1546,13
1548,2
1549,2
1549,5
1551,2
1552,2
1552,3
1554,2
1555,2
1555,3
1557,2
1557,7
1559,2
1561,9
1562,2
1563,18
1564,9
1564,7
1564,3
1565,2
1565,1
1566,2
1568,2
1574,7
1574,2
1574,1
1575,2
1575,1
1576,2
1577,2
1583,14
1583,1
1584,9
1584,11
1584,5
1584,2
1585,2
1587,2
1588,1
1588,2
1589,2
1590,1
1591,3
1591,9
1592,2
1594,2
1594,1
1595,2
1595,1
1595,14
1596,1
1596,2
1598,1
1598,2
1599,14
1600,2
1601,1
1603,2
1603,1
1603,14
1604,2
1606,2
1606,1
1606,14
1607,2
1607,1
1607,14
1609,2
1610,2
1610,1
1610,14
1611,2
1612,2
1612,1
1614,6
1614,2
1615,2
1615,10
1615,1
1617,2
1617,1
1618,14
1618,2
1619,2
1619,1
1621,1
1622,2
1624,7
1627,2
1628,3
1630,2
1631,9
1631,3
1631,7
1632,2
1637,3
1641,7
1641,2
1642,7
1643,1
1643,2
1645,2
1646,2
1646,3
1654,9
1655,10
1655,1
1655,2
1657,7
1658,2
1658,1
1662,2
1663,3
1665,2
1667,2
1669,2
1672,5
1675,2
1678,2
1678,1
1679,2
1681,2
1682,3
1683,2
1683,6
1683,1
1683,3
1684,2
1684,5
1684,7
1684,1
1685,22
1685,1
1685,2
1686,2
1689,7
1690,7
1693,2
1695,2
1696,2
1698,3
1698,9
1698,7
1700,2
1700,1
1701,2
1701,6
1701,7
1702,1
1702,2
1702,6
1706,3
1706,9
1706,2
1707,2
1708,17
1709,9
1709,3
1710,1
1710,2
1712,1
1713,2
1714,2
1715,2
1716,2
1717,2
1717,1
1718,3
1718,7
1718,2
1719,2
1719,7
1720,1
1720,2
1721,2
1722,2
1724,2
1725,3
1726,2
1726,1
1727,2
1727,3
1728,1
1729,2
1730,2
1732,3
1732,2
1733,2
1734,2
1735,2
1736,3
1740,11
1741,2
1741,1
1742,2
1743,2
1743,1
1746,2
1746,1
1748,2
1748,1
1748,14
1751,3
1751,7
1753,2
1753,1
1754,2
1755,2
1756,2
1759,9
1759,3
1760,2
1760,1
1761,14
1761,4
1761,1
1762,2
1762,1
1763,2
1763,7
1763,3
1765,3
1765,9
1766,9
1767,9
1767,2
1768,2
1769,3
1771,2
1771,1
1772,3
1773,1
1774,2
1775,3
1777,2
1777,1
1778,2
1778,7
1778,1
1779,2
1779,1
1780,3
1782,3
1782,7
1782,2
1783,2
1786,2
1787,2
1787,1
1790,2
1791,2
1792,2
1792,1
1792,3
1793,2
1795,3
1796,2
1796,3
1796,7
1796,1
1796,6
1798,2
1799,2
1799,1
1800,2
1801,2
1801,1
1802,2
1803,2
1803,1
1804,2
1804,1
1805,2
1806,2
1807,2
1808,2
1809,2
1809,5
1809,1
1810,2
1810,1
1811,3
1811,2
1812,3
1812,9
1812,11
1812,2
1813,14
1813,11
1813,13
1813,8
1813,10
1813,25
1813,2
1814,2
1816,2
1818,3
1818,2
1818,1
1819,2
1819,5
1819,12
1820,2
1821,3
1822,2
1823,2
1824,2
1825,2
1826,2
1827,7
1827,2
1830,2
1832,1
1832,2
1833,2
1833,1
1834,1
1834,2
1835,2
1837,3
1837,2
1838,2
1839,1
1839,2
1840,2
1840,1
1843,2
1844,2
1845,2
1845,1
1846,2
1847,2
1850,2
1851,1
1851,2
1851,24
1851,14
1852,2
1852,1
1853,2
1855,12
1855,7
1855,2
1856,2
1857,2
1858,18
1859,7
1859,22
1859,2
1859,1
1859,5
1859,29
1859,10
1859,24
1859,30
1860,2
1861,7
1861,2
1862,2
1863,2
1865,23
1865,2
1867,2
1868,2
1869,2
1871,2
1872,2
1872,1
1875,2
1875,1
1876,2
1877,1
1877,2
1878,2
1878,1
1880,2
1881,2
1881,1
1882,2
1883,7
1884,2
1885,7
1885,2
1890,3
1892,3
1892,2
1893,2
1893,3
1894,7
1894,2
1894,3
1896,9
1896,2
1898,2
1899,2
1899,7
1899,1
1899,3
1900,2
1900,14
1900,1
1901,2
1902,3
1902,9
1902,2
1902,15
1903,2
1903,3
1904,2
1904,1
1904,14
1906,9
1906,3
1906,7
1906,28
1907,2
1908,2
1909,2
1910,3
1910,9
1911,2
1913,2
1916,2
1918,2
1919,2
1921,2
1925,2
1925,1
1925,3
1927,2
1929,6
1930,2
1938,2
1938,1
1940,2
1940,1
1946,1
1946,2
1947,2
1949,9
1949,7
1949,3
1950,2
1952,2
1954,9
1954,7
1954,2
1954,3
1955,3
1956,3
1956,9
1956,2
1957,3
1959,2
1959,1
1961,17
1962,2
1963,9
1964,3
1964,7
1964,2
1965,21
1965,7
1965,3
1966,3
1966,21
1968,2
1968,22
1970,9
1970,3
1970,7
1970,2
1971,9
1971,3
1971,7
1972,2
1975,3
1975,2
1976,15
1976,2
1976,3
1977,2
1979,2
1980,3
1981,2
1983,2
1983,3
1984,2
1985,2
1985,1
1986,2
1987,2
1988,2
1989,2
1991,2
1992,3
1992,7
1994,2
1995,14
1995,2
1996,2
1999,2
2001,1
2001,2
2002,2
2002,1
2003,1
2006,1
2006,2
2007,7
2007,3
2008,1
2009,2
2010,1
2010,2
2011,1
2014,2
2017,2
2018,3
2018,2
2021,2
2022,2
2022,1
2023,1
2025,2
2026,2
2027,2
2028,2
2029,3
2029,15
2029,9
2029,19
2029,7
2030,2
2030,1
2032,2
2032,1
2034,9
2036,1
2039,7
2039,2
2041,2
2044,3
2045,2
2046,2
2047,2
2047,5
2050,2
2050,1
2051,2
2052,2
2054,2
2055,2
2056,2
2056,1
2059,2
2060,2
2060,1
2060,14
2060,7
2061,2
2061,1
2061,3
2062,2
2062,1
2063,2
2067,2
2067,10
2068,2
2069,2
2069,1
2070,2
2072,2
2073,2
2075,2
2077,2
2077,1
2079,2
2079,1
2081,2
2081,1
2084,2
2088,2
2088,1
2089,2
2091,2
2091,3
2092,2
2094,2
2095,2
2095,1
2098,2
2098,1
2100,2
2102,7
2103,2
2105,2
2106,2
2109,2
2110,2
2111,2
2111,7
2112,2
2113,2
2113,1
2114,2
2115,2
2117,2
2120,2
2124,2
2126,2
2127,2
2129,2
2129,1
2130,2
2131,2
2133,2
2135,1
2136,2
2137,1
2137,2
2140,1
2141,2
2142,2
2143,2
2144,2
2146,2
2147,2
2147,1
2152,2
2152,1
2153,2
2153,1
2154,2
2154,1
2155,2
2156,2
2157,1
2159,2
2161,2
2161,1
2162,2
2163,2
2164,2
2167,2
2170,2
2172,2
2173,2
2176,2
2177,2
2177,1
2180,2
2181,1
2184,2
2185,3
2186,2
2186,10
2186,1
2187,3
2190,2
2192,1
2195,2
2196,2
2197,2
2201,2
2202,2
2205,2
2208,2
2210,2
2211,2
2215,2
2217,2
2217,22
2219,2
2219,1
2221,2
2222,6
2222,2
2223,2
2226,2
2226,1
2227,2
2228,2
2231,2
2234,2
2235,2
2235,22
2236,2
2240,2
2244,2
2247,2
2248,2
2250,2
2251,2
2256,2
2260,2
2262,2
2263,2
2269,2
2276,2
2282,2
2282,1
2283,2
2286,2
2287,2
2289,2
2289,1
2290,2
2294,2
2297,3
2299,2
2300,2
2301,2
2303,2
2304,2
2305,2
2306,2
2308,3
2309,2
2310,2
2311,3
2312,2
2314,2
2314,5
2317,2
2317,1
2318,2
2319,7
2319,2
2324,2
2325,2
2326,2
2327,2
2330,2
2331,2
2335,2
2338,2
2341,2
2342,2
2347,7
2349,2
2350,2
2351,2
2354,2
2357,3
2363,2
2367,2
2368,2
2368,11
2370,2
2371,3
2372,2
2373,2
2377,2
2377,1
2378,7
2378,2
2380,2
2383,2
2384,7
2384,2
2385,9
2385,3
2385,21
2385,7
2386,1
2386,2
2387,2
2388,2
2390,1
2391,2
2393,9
2394,2
2396,3
2396,7
2396,2
2398,2
2399,2
2399,5
2399,1
2402,3
2404,9
2404,2
2405,2
2406,2
2407,2
2407,6
2409,2
2410,2
2411,2
2412,2
2412,1
2412,14
2413,1
2413,2
2415,2
2416,2
2417,2
2419,2
2420,2
2420,5
2420,1
2421,2
2421,1
2422,2
2424,12
2424,11
2424,2
2425,2
2426,2
2427,2
2427,1
2428,2
2429,2
2430,2
2431,22
2431,2
2431,1
2432,2
2433,2
2433,3
2436,2
2437,2
2437,1
2438,3
2439,2
2440,2
2440,1
2442,2
2444,2
2445,2
2446,2
2449,2
2451,2
2452,2
2457,2
2461,9
2461,1
2461,2
2463,3
2463,14
2463,7
2463,2
2466,2
2473,2
2474,2
2475,2
2475,1
2476,2
2478,1
2481,2
2482,2
2483,1
2483,2
2484,2
2487,2
2488,2
2488,1
2489,2
2489,1
2490,2
2491,2
2493,2
2496,2
2497,7
2498,2
2500,3
2500,9
2501,2
2502,2
2505,2
2506,2
2506,3
2509,2
2512,2
2513,2
2514,2
2517,2
2518,2
2522,7
2523,2
2524,2
2524,1
2526,2
2526,10
2526,1
2527,2
2528,2
2529,2
2530,2
2532,2
2533,2
2534,2
2534,10
2534,1
2535,2
2535,1
2536,2
2536,1
2538,2
2540,2
2541,2
2541,1
2544,2
2545,2
2546,2
2547,2
2548,1
2549,2
2550,2
2551,3
2552,2
2553,2
2554,2
2555,1
2555,28
2555,2
2556,2
2557,2
2558,2
2559,1
2560,2
2561,2
2561,3
2563,2
2564,12
2564,2
2565,1
2566,2
2567,2
2567,1
2567,14
2569,2
2569,1
2570,2
2571,2
2571,5
2572,2
2576,2
2576,3
2577,2
2578,2
2579,2
2582,13
2582,2
2582,1
2583,2
2584,7
2584,2
2585,15
2589,2
2592,2
2593,2
2594,2
2594,1
2595,3
2595,9
2596,2
2598,2
2600,2
2601,2
2602,2
2603,9
2603,7
2604,2
2605,2
2606,7
2606,2
2607,7
2608,2
2609,2
2609,1
2610,13
2610,25
2610,2
2612,2
2613,2
2615,2
2616,2
2617,1
2617,2
2619,2
2620,2
2621,2
2622,2
2623,2
2624,2
2624,1
2626,1
2627,2
2628,1
2629,2
2631,2
2635,2
2637,7
2637,11
2637,2
2638,2
2639,2
2641,3
2641,2
2643,7
2643,9
2644,7
2645,9
2645,19
2646,2
2647,2
2647,1
2650,2
2651,2
2651,1
2652,2
2653,2
2654,1
2654,2
2655,2
2656,2
2658,1
2658,2
2659,2
2661,2
2662,2
2664,2
2665,3
2666,7
2667,3
2667,2
2668,2
2669,1
2670,1
2670,2
2671,2
2672,2
2673,7
2673,1
2675,1
2675,2
2676,2
2676,1
2678,2
2680,2
2681,13
2684,2
2686,2
2687,2
2688,2
2690,2
2690,3
2691,3
2691,2
2692,2
2694,2
2698,2
2701,2
2702,2
2703,2
2703,1
2705,2
2708,3
2710,2
2710,7
2710,1
2711,2
2711,1
2712,2
2713,2
2715,2
2715,1
2717,2
2717,1
2718,2
2721,2
2721,1
2722,7
2724,2
2725,2
2726,6
2726,2
2728,2
2729,2
2730,2
2730,5
2732,2
2734,2
2735,2
2736,2
2737,2
2737,1
2739,2
2739,1
2740,2
2742,2
2745,7
2745,2
2748,2
2748,7
2748,1
2749,3
2752,2
2753,2
2753,1
2754,2
2757,2
2758,2
2759,3
2761,2
2762,1
2762,2
2764,2
2765,2
2765,1
2766,2
2767,7
2767,2
2769,2
2770,14
2770,2
2770,1
2771,2
2771,1
2777,2
2777,5
2777,6
2777,10
2778,2
2778,1
2779,2
2780,2
2780,5
2781,3
2785,2
2786,2
2787,2
2788,3
2788,7
2788,2
2790,2
2791,2
2793,3
2793,15
2796,3
2797,9
2799,14
2799,2
2799,7
2799,1
2800,7
2800,2
2801,3
2802,1
2802,2
2804,2
2804,1
2805,1
2807,2
2807,7
2807,1
2809,2
2810,2
2810,7
2810,1
2810,3
2811,2
2814,2
2815,2
2816,2
2817,3
2817,2
2818,1
2818,2
2819,2
2820,12
2820,2
2821,7
2823,7
2823,2
2823,1
2824,3
2824,9
2824,2
2824,5
2825,2
2825,1
2826,2
2826,1
2827,2
2827,1
2828,2
2829,2
2829,1
2829,10
2830,1
2832,2
2832,1
2833,2
2834,2
2834,10
2835,2
2837,2
2844,2
2845,3
2845,15
2845,2
2847,2
2848,3
2855,2
2857,2
2858,1
2858,2
2859,6
2859,2
2859,5
2859,7
2860,2
2860,7
2862,2
2862,22
2863,2
2863,1
2863,14
2864,2
2866,2
2867,2
2869,7
2871,2
2871,1
2872,2
2873,2
2875,1
2875,2
2877,2
2878,2
2879,2
2880,2
2881,2
2883,2
2884,2
2885,2
2886,2
2886,1
2887,10
2887,2
2887,1
2888,2
2888,1
2889,2
2889,1
2890,12
2891,2
2891,1
2892,10
2892,2
2893,2
2893,1
2894,2
2897,2
2898,2
2899,1
2899,2
2900,2
2902,2
2904,7
2905,2
2910,2
2910,6
2910,1
2911,2
2911,1
2911,3
2913,2
2914,1
2914,2
2915,2
2916,2
2917,2
2918,2
2919,2
2920,2
2921,2
2924,3
2924,2
2925,11
2925,2
2926,2
2927,3
2928,1
2928,2
2931,2
2932,2
2934,2
2934,1
2940,2
2941,7
2941,2
2941,1
2943,2
2944,2
2944,1
2945,2
2948,2
2948,1
2949,2
2950,5
2950,2
2951,3
2952,2
2954,9
2954,2
2955,2
2956,2
2957,2
2958,3
2960,3
2960,7
2960,2
2961,3
2962,2
2963,2
2964,2
2964,1
2966,2
2966,1
2967,2
2968,3
2968,2
2969,2
2971,2
2974,2
2975,2
2976,7
2977,2
2977,1
2979,2
2980,2
2981,1
2981,2
2985,2
2986,2
2986,3
2988,2
2990,2
2993,2
2995,2
2995,6
2995,1
2996,2
2997,2
2997,3
2998,11
2998,1
2999,2
3000,2
3001,2
3001,9
3001,3
3001,22
3002,2
3005,2
3007,2
3008,3
3009,2
3010,3
3010,2
3012,2
3012,7
3012,1
3012,3
3013,5
3013,2
3014,2
3015,2
3015,1
3016,2
3017,9
3017,3
3019,2
3019,7
3019,1
3020,2
3021,2
3021,1
3022,2
3023,2
3023,1
3024,2
3025,2
3026,2
3026,5
3028,11
3028,2
3028,1
3029,2
3030,2
3031,2
3031,1
3032,3
3033,2
3035,2
3036,1
3036,2
3037,2
3038,2
3039,10
3039,1
3040,10
3040,2
3041,2
3042,2
3042,1
3044,2
3045,2
3046,1
3046,2
3051,2
3051,1
3052,2
3052,1
3054,2
3057,2
3059,3
3060,12
3060,2
3061,2
3062,2
3065,2
3066,2
3067,2
3068,2
3068,1
3070,5
3071,2
3072,2
3072,1
3074,2
3074,1
3075,2
3081,2
3081,1
3082,2
3082,10
3082,1
3085,2
3090,2
3090,1
3091,2
3091,1
3094,1
3094,2
3095,2
3096,2
3097,1
3097,2
3098,3
3098,7
3100,2
3100,1
3101,15
3101,2
3103,2
3104,2
3106,1
3107,2
3108,2
3109,2
3109,1
3109,14
3110,2
3110,1
3111,2
3111,1
3112,2
3113,2
3113,1
3120,2
3122,3
3122,2
3124,2
3126,2
3128,2
3128,1
3129,2
3130,2
3130,3
3131,5
3131,2
3132,1
3132,2
3134,2
3134,1
3135,2
3137,2
3137,1
3138,2
3139,2
3139,1
3141,2
3143,6
3143,2
3143,1
3145,7
3145,2
3147,2
3147,1
3148,2
3150,2
3151,2
3155,2
3156,2
3158,2
3158,1
3159,2
3161,2
3163,2
3163,1
3164,2
3164,5
3165,2
3165,1
3166,15
3166,2
3168,7
3168,2
3168,1
3170,9
3171,2
3171,1
3172,2
3174,2
3176,1
3180,2
3180,7
3180,1
3183,2
3183,14
3183,1
3184,2
3184,1
3185,2
3185,1
3191,2
3192,2
3193,2
3194,2
3195,2
3196,2
3196,1
3197,1
3197,2
3199,2
3199,1
3203,2
3204,1
3205,2
3206,2
3206,10
3206,1
3208,2
3210,2
3211,2
3211,1
3212,2
3213,2
3213,1
3214,3
3215,2
3217,1
3217,2
3220,2
3221,2
3221,1
3222,2
3223,15
3223,11
3223,3
3223,2
3229,2
3230,7
3231,7
3231,3
3232,9
3234,7
3236,2
3238,2
3240,2
3243,2
3244,2
3244,1
3245,2
3245,1
3247,2
3249,2
3249,1
3250,2
3251,1
3252,2
3252,1
3253,2
3254,2
3255,2
3256,2
3260,2
3261,2
3261,5
3261,1
3261,14
3262,2
3262,5
3264,2
3265,2
3265,1
3266,2
3266,1
3267,7
3267,1
3267,3
3267,2
3272,2
3273,1
3274,2
3275,2
3275,1
3276,2
3279,2
3279,1
3280,2
3281,2
3282,2
3283,2
3284,2
3286,3
3286,2
3288,2
3289,2
3291,3
3292,2
3295,2
3297,2
3297,1
3298,2
3299,3
3300,2
3301,2
3301,5
3302,2
3306,2
3307,6
3307,2
3311,2
3312,2
3313,1
3313,2
3316,2
3317,2
3318,2
3319,2
3320,2
3321,7
3321,2
3321,1
3323,3
3323,2
3326,2
3327,2
3327,1
3328,2
3329,1
3329,2
3330,2
3333,2
3334,2
3334,1
3337,2
3338,2
3339,2
3339,1
3342,2
3343,2
3344,3
3344,2
3347,1
3347,2
3348,13
3349,13
3351,1
3352,2
3353,12
3354,2
3355,1
3355,2
3356,2
3360,6
3360,2
3361,6
3361,2
3362,2
3364,2
3365,3
3366,3
3369,2
3371,2
3373,2
3375,2
3380,2
3382,2
3383,2
3384,2
3386,2
3388,2
3389,3
3391,2
3391,1
3394,2
3396,2
3398,1
3399,2
3400,1
3400,2
3402,2
3403,2
3404,2
3408,3
3413,1
3413,2
3414,2
3414,1
3415,2
3415,1
3416,7
3417,2
3417,1
3418,7
3418,2
3419,2
3420,9
3420,2
3420,1
3422,2
3422,1
3423,2
3431,2
3431,1
3434,2
3434,1
3435,2
3435,1
3437,2
3437,1
3439,2
3439,1
3440,2
3442,6
3442,2
3443,2
3444,30
3444,2
3445,2
3445,1
3446,2
3447,3
3448,3
3448,2
3452,2
3457,7
3457,2
3458,7
3458,2
3459,7
3459,2
3461,2
3462,2
3463,2
3465,2
3465,22
3465,5
3465,1
3468,2
3470,2
3472,1
3473,2
3477,2
3477,1
3478,2
3479,2
3480,2
3481,2
3483,6
3483,2
3485,2
3485,1
3488,2
3489,1
3489,2
3490,2
3490,1
3490,3
3492,2
3493,2
3493,6
3494,1
3495,2
3495,1
3496,1
3497,15
3499,2
3500,2
3502,2
3503,3
3503,7
3504,3
3505,2
3507,2
3509,2
3511,2
3513,2
3514,2
3514,1
3515,2
3516,2
3517,2
3519,2
3520,2
3520,3
3521,3
3522,2
3522,1
3524,2
3525,9
3525,7
3527,2
3531,7
3531,2
3534,3
3536,2
3537,2
3538,22
3538,2
3540,2
3540,1
3542,2
3543,2
3544,2
3544,1
3548,2
3549,3
3554,2
3554,1
3558,2
3559,2
3561,7
3564,2
3564,14
3565,1
3565,2
3567,2
3570,2
3570,1
3572,2
3574,3
3575,3
3578,3
3578,2
3579,2
3583,2
3583,7
3584,2
3585,2
3586,2
3587,2
3587,6
3589,2
3590,2
3590,7
3592,2
3592,1
3593,2
3594,2
3595,7
3595,2
3596,2
3597,2
3599,2
3599,1
3600,3
3601,2
3602,2
3603,1
3603,2
3605,1
3605,2
3606,2
3608,2
3609,7
3610,2
3610,1
3612,2
3618,2
3618,1
3619,2
3624,2
3625,2
3626,2
3627,10
3627,2
3628,1
3631,2
3631,1
3635,2
3637,7
3640,2
3640,1
3641,2
3641,1
3642,3
3642,2
3646,2
3646,1
3647,7
3648,2
3649,2
3652,2
3654,2
3655,10
3655,2
3656,2
3657,2
3658,2
3660,2
3661,7
3662,3
3662,2
3664,2
3664,1
3666,2
3668,2
3669,6
3669,2
3670,2
3670,1
3671,2
3672,2
3675,2
3676,2
3677,2
3678,2
3679,2
3680,2
3682,2
3683,2
3684,2
3685,2
3688,2
3690,2
3692,2
3693,2
3694,2
3697,2
3698,2
3699,2
3700,2
3701,2
3702,2
3705,2
3706,2
3708,1
3708,2
3709,1
3709,2
3710,2
3713,2
3714,2
3714,1
3716,2
3716,1
3718,1
3719,2
3720,2
3721,2
3722,2
3723,3
3724,3
3724,2
3726,2
3727,3
3728,2
3730,2
3731,1
3731,2
3733,2
3733,6
3734,2
3734,1
3736,2
3738,2
3740,2
3740,13
3741,2
3741,1
3742,6
3743,2
3745,2
3746,2
3747,2
3749,2
3751,6
3751,2
3754,1
3755,2
3756,7
3756,2
3757,2
3758,2
3760,2
3761,2
3761,1
3762,2
3763,11
3765,2
3768,9
3769,2
3770,2
3771,2
3772,2
3773,2
3774,2
3775,2
3776,2
3778,2
3779,1
3780,2
3782,2
3784,1
3786,7
3786,2
3787,10
3787,2
3787,1
3789,2
3791,7
3793,2
3794,2
3795,2
3797,2
3799,1
3799,2
3800,12
3801,2
3805,13
3805,2
3805,7
3806,3
3807,2
3809,2
3810,2
3811,2
3812,2
3814,2
3815,2
3816,2
3817,2
3817,1
3818,2
3819,2
3819,3
3820,2
3820,1
3822,2
3823,2
3824,1
3826,2
3828,4
3828,2
3829,15
3831,2
3832,11
3832,2
3835,2
3836,26
3837,2
3837,26
3838,2
3838,1
3839,2
3839,6
3839,1
3841,7
3841,3
3842,2
3843,3
3843,2
3845,2
3845,14
3846,2
3847,2
3847,1
3848,2
3851,2
3851,1
3852,2
3852,1
3854,2
3855,2
3856,2
3857,2
3860,2
3861,1
3861,2
3863,2
3864,2
3864,1
3865,2
3868,2
3868,1
3869,2
3870,2
3870,1
3871,2
3871,5
3873,2
3874,2
3874,3
3875,2
3875,1
3876,7
3877,2
3877,1
3883,2
3884,2
3886,2
3887,2
3890,2
3891,2
3892,2
3893,2
3898,2
3898,1
3899,1
3901,7
3903,3
3904,2
3904,5
3905,2
3907,2
3908,2
3909,2
3910,2
3910,3
3912,5
3912,2
3913,2
3914,2
3915,2
3916,2
3920,2
3923,2
3923,1
3924,1
3924,2
3925,2
3926,2
3926,10
3926,1
3927,1
3927,10
3927,2
3929,2
3932,2
3933,2
3934,2
3937,2
3937,7
3938,2
3938,1
3940,2
3941,2
3943,2
3944,2
3945,11
3945,2
3946,3
3947,11
3948,2
3950,2
3950,1
3951,2
3952,2
3952,5
3952,1
3954,2
3958,1
3958,2
3959,2
3959,1
3960,10
3960,2
3961,6
3961,2
3961,1
3962,11
3962,2
3965,2
3966,2
3968,2
3968,3
3969,3
3970,9
3970,3
3972,2
3972,7
3972,1
3973,2
3973,6
3974,2
3975,2
3975,1
3978,2
3979,2
3980,2
3981,7
3982,2
3983,14
3983,2
3983,1
3984,12
3989,5
3989,2
3990,7
3990,2
3995,2
3995,1
3996,2
3999,2
4000,2
4006,2
4009,2
4009,1
4010,2
4011,2
4012,2
4014,2
4015,6
4015,2
4016,2
4017,7
4019,2
4020,2
4021,2
4022,2
4023,2
4025,2
4026,2
4026,1
4027,2
4028,2
4029,2
4030,2
4030,1
4035,1
4035,2
4036,2
4037,9
4037,3
4038,2
4038,1
4039,2
4040,2
4042,2
4043,2
4043,1
4044,2
4044,1
4045,2
4047,2
4049,2
4050,2
4051,2
4053,13
4053,2
4055,2
4055,1
4058,2
4059,2
4060,2
4061,2
4064,2
4065,2
4065,1
4066,2
4067,10
4067,2
4067,1
4068,2
4068,1
4070,2
4070,6
4070,1
4072,2
4072,1
4073,2
4074,2
4075,1
4075,2
4077,2
4078,2
4078,1
4078,6
4078,24
4079,2
4079,1
4080,2
4080,1
4081,2
4082,7
4082,2
4083,2
4084,2
4084,1
4085,2
4085,1
4086,2
4086,1
4087,2
4088,2
4090,2
4091,2
4092,28
4092,7
4094,2
4096,2
4097,2
4097,10
4098,2
4100,2
4101,2
4103,2
4107,2
4107,1
4108,2
4108,1
4109,2
4109,1
4111,1
4111,2
4113,7
4114,2
4114,1
4115,2
4115,1
4116,2
4116,12
4117,2
4118,2
4118,1
4119,2
4119,1
4120,1
4122,2
4124,2
4125,2
4126,14
4126,2
4127,2
4128,2
4131,2
4136,2
4138,2
4140,2
4141,2
4144,2
4145,2
4146,2
4147,2
4148,7
4148,2
4150,7
4150,2
4151,2
4151,1
4154,1
4156,2
4156,1
4156,10
4157,2
4158,7
4158,2
4159,13
4159,2
4159,1
4160,2
4161,2
4162,2
4162,1
4164,2
4165,1
4166,2
4166,1
4167,2
4169,2
4170,2
4171,2
4171,1
4172,11
4172,2
4174,2
4175,2
4176,2
4177,2
4178,1
4182,2
4183,7
4184,2
4184,1
4185,7
4185,10
4185,2
4185,1
4186,2
4187,2
4187,7
4188,2
4188,1
4191,2
4192,2
4193,2
4195,2
4197,2
4204,9
4205,2
4205,1
4206,2
4207,2
4208,2
4209,2
4210,2
4212,2
4212,1
4213,2
4219,2
4220,2
4221,2
4223,2
4225,2
4226,2
4226,5
4227,2
4227,1
4228,2
4229,2
4229,1
4231,2
4231,1
4232,2
4232,1
4234,2
4235,2
4239,2
4241,1
4242,2
4244,2
4247,2
4248,2
4248,7
4249,2
4252,1
4252,2
4253,2
4256,2
4257,2
4259,2
4259,1
4260,2
4262,2
4263,7
4264,2
4265,2
4265,1
4266,2
4268,1
4269,2
4270,2
4270,1
4272,2
4273,2
4275,2
4276,2
4280,2
4281,2
4284,1
4286,2
4288,2
4289,2
4290,6
4290,2
4291,9
4291,3
4292,2
4292,3
4294,2
4295,2
4297,2
4299,2
4300,1
4301,1
4301,2
4302,1
4303,2
4305,2
4307,2
4309,2
4310,2
4310,1
4312,2
4315,2
4317,2
4319,2
4319,1
4320,2
4320,1
4324,2
4325,3
4325,2
4327,2
4329,7
4329,2
4331,2
4332,6
4332,7
4332,1
4332,2
4333,2
4334,2
4335,2
4336,2
4337,2
4337,1
4338,2
4339,2
4340,2
4340,1
4342,2
4343,2
4347,3
4350,2
4350,1
4353,2
4354,1
4356,2
4357,2
4357,1
4360,2
4360,1
4361,2
4361,1
4362,3
4366,2
4367,2
4371,2
4372,2
4374,7
4374,3
4375,3
4375,2
4378,2
4379,2
4379,1
4380,2
4380,1
4381,2
4382,2
4384,2
4385,2
4385,1
4385,14
4386,2
4386,1
4387,22
4388,3
4388,2
4389,30
4389,2
4390,2
4390,1
4391,2
4393,2
4394,2
4398,2
4398,1
4399,1
4401,2
4401,1
4402,2
4403,1
4404,2
4405,2
4405,1
4408,2
4409,2
4409,5
4409,1
4410,9
4410,3
4411,2
4412,1
4413,2
4414,2
4414,1
4415,2
4417,2
4418,1
4418,2
4419,2
4419,7
4420,2
4420,10
4420,1
4421,2
4423,2
4423,1
4424,2
4424,6
4424,1
4425,2
4426,2
4432,2
4433,2
4433,1
4434,2
4436,2
4437,7
4440,2
4442,2
4445,2
4447,1
4448,2
4449,2
4449,1
4450,2
4453,2
4454,2
4458,3
4459,2
4459,1
4460,2
4460,1
4461,2
4462,2
4462,5
4463,2
4463,1
4466,2
4466,1
4467,1
4467,2
4468,2
4469,2
4470,7
4470,2
4472,2
4472,1
4474,2
4475,2
4475,7
4476,2
4479,2
4481,2
4482,2
4483,2
4484,2
4486,9
4486,3
4489,2
4495,3
4496,2
4496,1
4497,2
4500,12
4503,2
4504,1
4504,2
4505,2
4506,2
4506,1
4507,2
4508,2
4508,1
4509,2
4510,2
4511,2
4512,2
4514,2
4514,1
4515,2
4516,2
4517,1
4517,27
4517,23
4517,22
4517,14
4517,2
4518,12
4518,1
4519,2
4520,2
4521,2
4521,3
4522,7
4522,2
4524,2
4526,2
4529,2
4530,2
4530,1
4531,2
4533,2
4533,1
4535,2
4535,1
4536,2
4537,3
4537,15
4538,2
4538,1
4539,3
4540,2
4540,1
4541,2
4543,2
4543,1
4545,1
4546,2
4548,2
4551,2
4551,1
4553,2
4553,1
4554,2
4555,2
4556,6
4556,2
4556,1
4557,10
4557,2
4557,1
4559,2
4561,3
4561,2
4562,2
4563,2
4563,1
4565,2
4567,7
4567,2
4568,2
4568,1
4569,2
4571,2
4573,2
4573,1
4575,2
4579,2
4582,2
4583,2
4583,7
4585,2
4586,7
4587,2
4588,2
4590,14
4590,2
4590,1
4592,7
4592,2
4593,2
4594,2
4595,1
4595,2
4598,2
4599,2
4602,2
4602,3
4603,2
4604,2
4605,2
4606,2
4607,2
4609,2
4611,2
4611,1
4612,2
4613,2
4613,1
4617,2
4620,2
4621,1
4621,2
4622,2
4624,2
4625,2
4626,2
4627,2
4627,1
4628,2
4629,2
4629,1
4630,2
4630,1
4632,2
4633,2
4634,2
4635,2
4637,1
4639,2
4640,2
4643,3
4643,2
4644,2
4645,2
4647,2
4648,2
4650,2
4651,18
4651,3
4653,2
4653,1
4654,2
4655,2
4656,2
4659,2
4660,2
4663,11
4664,2
4666,2
4670,2
4671,7
4672,2
4673,13
4673,7
4673,2
4674,2
4676,1
4676,2
4677,2
4679,2
4682,2
4684,7
4684,2
4684,1
4686,2
4687,2
4688,2
4688,7
4689,2
4690,2
4690,1
4692,2
4693,2
4695,1
4695,2
4695,14
4697,2
4698,1
4698,2
4699,2
4699,1
4701,1
4702,1
4702,2
4703,2
4703,5
4704,7
4704,2
4705,2
4706,1
4706,2
4710,2
4711,2
4712,2
4712,7
4714,2
4715,2
4716,2
4717,2
4718,2
4720,2
4720,1
4721,2
4722,2
4725,1
4726,2
4727,2
4728,2
4729,1
4731,2
4732,1
4732,2
4734,2
4735,2
4737,2
4738,2
4740,2
4743,2
4744,2
4744,1
4745,2
4745,1
4746,2
4749,1
4750,2
4751,2
4752,2
4761,2
4761,1
4762,1
4763,2
4767,2
4768,2
4769,2
4771,2
4772,2
4774,2
4776,7
4777,2
4777,1
4781,2
4782,2
4783,3
4783,2
4787,2
4788,2
4789,2
4789,1
4791,2
4792,2
4794,2
4797,6
4797,2
4797,1
4798,2
4799,2
4801,2
4803,2
4806,2
4806,1
4807,2
4811,2
4816,2
4817,2
4817,1
4819,6
4819,2
4819,5
4820,2
4825,2
4828,2
4833,2
4833,1
4835,2
4835,1
4837,1
4837,2
4839,2
4840,2
4841,2
4842,2
4844,1
4845,13
4845,2
4847,2
4848,2
4848,1
4849,2
4850,1
4850,2
4853,7
4854,2
4857,2
4859,2
4859,1
4860,2
4861,2
4862,1
4863,2
4864,2
4864,1
4869,2
4870,2
4876,2
4881,2
4881,7
4881,1
4882,2
4882,1
4883,7
4883,2
4884,2
4884,1
4885,2
4886,2
4887,2
4887,1
4888,2
4889,2
4889,1
4891,2
4892,2
4892,7
4892,1
4893,2
4893,1
4896,2
4897,2
4898,5
4898,2
4899,2
4899,1
4899,3
4902,2
4902,1
4904,2
4910,2
4911,1
4913,2
4914,3
4914,7
4916,2
4919,3
4921,2
4922,2
4927,2
4931,2
4932,2
4932,1
4933,2
4935,2
4936,2
4936,1
4939,2
4939,1
4940,2
4941,2
4942,2
4949,2
4950,2
4950,1
4952,2
4953,2
4954,2
4955,1
4955,2
4956,7
4961,2
4962,2
4963,2
4967,2
4968,2
4972,2
4973,2
4974,2
4978,2
4979,2
4980,2
4981,2
4982,2
4983,2
4985,2
4987,2
4989,2
4990,2
4991,2
4992,2
4996,2
4998,22
4998,2
5000,2
5000,1
5003,9
5003,1
5004,1
5004,2
5005,2
5005,1
5006,22
5007,2
5009,2
5010,2
5012,2
5013,2
5013,1
5014,1
5015,2
5016,2
5018,2
5020,2
5021,2
5023,1
5023,2
5024,2
5024,1
5025,2
5026,2
5029,2
5031,2
5034,2
5035,2
5036,2
5037,2
5037,5
5037,1
5038,2
5039,9
5040,2
5041,2
5043,2
5043,1
5044,2
5045,2
5046,2
5047,2
5050,2
5052,2
5053,2
5055,2
5055,1
5056,7
5056,2
5058,2
5061,2
5061,1
5063,2
5066,2
5071,2
5072,2
5073,2
5074,2
5076,2
5076,1
5077,2
5077,1
5078,2
5078,3
5079,2
5079,1
5084,2
5085,2
5085,1
5086,5
5086,2
5086,3
5087,2
5088,2
5089,2
5091,2
5093,11
5096,2
5097,2
5100,11
5100,2
5101,1
5101,2
5102,2
5103,2
5105,2
5106,2
5108,2
5111,2
5113,2
5115,2
5116,2
5116,5
5118,7
5119,2
5119,1
5120,1
5120,2
5124,2
5125,2
5126,2
5127,2
5128,7
5129,2
5130,2
5130,1
5131,2
5132,2
5133,2
5135,2
5135,1
5136,2
5137,2
5137,1
5139,2
5140,2
5141,2
5141,1
5141,3
5142,2
5143,2
5144,2
5145,2
5146,2
5149,2
5152,2
5155,2
5155,1
5156,2
5156,1
5160,2
5161,2
5163,1
5170,2
5170,3
5171,2
5172,2
5174,2
5177,2
5178,1
5178,2
5179,2
5180,1
5180,2
5182,2
5184,7
5185,2
5187,2
5188,2
5189,2
5191,2
5191,7
5191,1
5197,2
5198,1
5198,2
5199,1
5200,2
5201,2
5205,1
5205,2
5207,2
5211,6
5211,7
5211,2
5211,1
5212,2
5215,2
5220,2
5220,1
5222,2
5222,1
5223,2
5224,2
5226,2
5226,1
5227,2
5228,2
5229,2
5230,2
5232,11
5232,7
5235,2
5237,2
5242,2
5246,2
5247,10
5247,2
5247,1
5249,7
5250,2
5253,2
5256,2
5257,2
5258,2
5258,1
5259,2
5260,2
5261,2
5262,9
5263,2
5264,2
5265,2
5266,2
5267,2
5268,2
5269,2
5269,3
5270,2
5270,1
5270,14
5271,1
5271,2
5272,2
5273,2
5275,2
5278,2
5280,2
5281,11
5282,9
5283,2
5284,2
5285,2
5286,3
5286,2
5288,2
5291,7
5291,2
5291,1
5293,2
5295,2
5296,2
5301,2
5302,2
5304,2
5305,1
5305,14
5309,2
5311,3
5313,2
5314,2
5316,2
5322,2
5322,1
5323,2
5327,2
5327,1
5329,7
5330,1
5330,2
5331,2
5331,1
5337,9
5339,7
5339,11
5339,2
5341,2
5343,2
5344,2
5347,2
5348,2
5349,2
5349,1
5351,1
5353,1
5353,2
5358,2
5359,1
5360,2
5361,2
5363,1
5364,2
5366,2
5367,2
5368,2
5369,2
5371,2
5373,2
5374,2
5374,1
5376,2
5377,2
5377,10
5377,1
5378,2
5380,2
5381,2
5381,1
5389,2
5390,2
5390,1
5392,2
5393,2
5393,1
5394,2
5394,3
5395,2
5395,7
5396,5
5397,2
5398,2
5399,3
5400,2
5400,1
5401,2
5402,2
5402,5
5403,2
5404,2
5405,2
5406,2
5406,1
5408,2
5409,2
5411,2
5412,2
5413,2
5414,1
5417,2
5418,2
5418,1
5424,2
5427,2
5428,2
5428,7
5428,1
5429,2
5430,2
5430,1
5431,9
5431,2
5431,3
5433,7
5433,2
5434,2
5435,2
5436,2
5437,2
5438,2
5440,2
5441,1
5442,2
5445,2
5446,2
5448,2
5448,1
5452,2
5454,2
5454,1
5455,2
5456,2
5456,1
5457,2
5457,1
5457,7
5459,2
5460,2
5461,2
5463,2
5465,2
5465,1
5466,2
5467,2
5470,2
5471,2
5475,2
5480,2
5481,2
5482,2
5483,2
5489,1
5492,2
5493,2
5493,1
5494,2
5496,7
5498,9
5500,7
5500,2
5500,1
5501,2
5502,2
5502,1
5503,2
5503,1
5504,2
5506,1
5506,2
5508,2
5511,7
5514,2
5517,3
5519,2
5521,2
5521,1
5522,2
5524,2
5524,1
5526,2
5527,1
5529,2
5530,7
5531,2
5535,2
5537,2
5538,2
5545,2
5546,2
5547,13
5549,2
5552,22
5556,2
5556,1
5558,2
5561,2
5562,2
5566,2
5568,2
5569,2
5570,2
5572,2
5573,2
5574,2
5576,2
5582,2
5583,2
5584,3
5585,2
5586,2
5586,1
5587,2
5588,2
5590,3
5592,2
5592,5
5593,1
5594,2
5596,2
5596,1
5598,2
5598,1
5599,2
5600,2
5600,1
5601,2
5601,1
5608,7
5608,9
5608,3
5609,2
5610,2
5611,2
5612,2
5617,2
5618,2
5619,2
5620,1
5620,2
5621,9
5622,2
5622,1
5624,2
5624,1
5628,2
5628,1
5629,2
5631,3
5632,2
5636,2
5637,2
5638,1
5638,7
5639,2
5640,2
5641,2
5644,2
5644,1
5646,2
5647,2
5648,7
5651,2
5652,2
5657,2
5663,2
5665,1
5665,2
5667,2
5668,2
5669,2
5670,2
5671,3
5671,27
5672,2
5673,2
5675,2
5679,3
5680,2
5681,3
5686,2
5688,2
5689,2
5690,2
5691,2
5694,2
5701,2
5704,2
5708,7
5708,2
5709,2
5710,2
5711,2
5715,13
5715,2
5717,2
5718,2
5719,2
5720,2
5720,1
5721,2
5723,2
5730,1
5731,2
5739,2
5741,2
5743,2
5744,7
5744,2
5745,2
5746,3
5749,2
5750,2
5751,2
5753,2
5754,2
5755,2
5756,2
5757,3
5758,2
5759,2
5763,2
5764,2
5765,2
5766,2
5772,2
5773,2
5774,1
5774,2
5775,2
5776,2
5777,2
5780,2
5780,1
5781,2
5781,1
5782,1
5782,2
5783,2
5783,1
5785,2
5786,2
5787,2
5788,7
5788,2
5792,2
5793,2
5794,2
5795,2
5796,2
5797,2
5798,1
5798,2
5799,2
5799,3
5802,2
5802,1
5803,3
5803,2
5804,2
5805,2
5807,2
5809,2
5811,2
5812,2
5813,2
5814,2
5816,2
5817,2
5818,2
5819,2
5819,1
5822,2
5823,2
5824,2
5825,1
5825,2
5828,2
5829,2
5829,1
5831,2
5832,2
5832,1
5833,2
5834,2
5834,5
5835,2
5841,2
5842,2
5845,2
5846,2
5847,2
5850,2
5856,1
5857,2
5858,2
5859,2
5860,2
5860,1
5862,2
5864,3
5864,2
5866,2
5866,5
5868,7
5868,2
5868,1
5869,2
5870,2
5872,2
5872,1
5873,2
5874,2
5875,2
5876,2
5877,2
5879,2
5881,2
5882,2
5886,2
5888,2
5890,2
5890,1
5891,2
5891,5
5892,2
5893,2
5893,1
5894,2
5894,1
5895,2
5895,1
5900,2
5902,2
5903,2
5904,2
5913,2
5913,3
5916,2
5917,2
5918,2
5920,3
5920,2
5922,13
5923,2
5924,7
5924,2
5925,9
5926,1
5926,2
5929,2
5930,2
5933,2
5934,2
5937,2
5939,2
5943,14
5943,1
5944,2
5946,2
5949,2
5950,1
5950,2
5954,2
5955,12
5958,1
5959,2
5960,2
5961,2
5963,1
5964,2
5967,1
5967,2
5969,2
5970,2
5974,2
5978,2
5980,2
5981,2
5982,3
5982,2
5983,2
5984,2
5986,2
5990,2
5991,2
5994,2
5994,1
5996,1
5999,2
6001,2
6001,1
6002,2
6002,1
6003,2
6005,7
6005,3
6006,3
6007,2
6008,2
6009,2
6010,2
6015,2
6016,2
6016,1
6017,2
6017,1
6019,2
6020,1
6021,2
6023,2
6024,2
6024,1
6026,2
6026,1
6027,2
6029,2
6032,2
6033,9
6033,3
6033,7
6037,2
6038,12
6038,2
6039,6
6039,2
6040,2
6041,2
6042,3
6043,3
6043,9
6043,2
6044,1
6044,2
6047,2
6047,14
6048,2
6049,2
6051,2
6051,1
6052,2
6052,1
6054,2
6058,2
6059,2
6060,2
6065,2
6066,2
6068,9
6068,3
6069,2
6070,2
6072,2
6072,1
6073,2
6074,2
6079,2
6080,2
6085,1
6085,2
6088,2
6089,2
6090,2
6091,2
6092,2
6094,2
6097,2
6098,3
6098,9
6099,1
6100,2
6101,12
6102,3
6102,7
6103,2
6103,1
6104,2
6105,2
6107,2
6109,2
6109,1
6110,2
6111,2
6112,2
6113,2
6114,2
6115,2
6116,2
6117,2
6119,2
6120,2
6123,2
6123,1
6124,2
6124,1
6125,2
6125,1
6127,2
6129,2
6130,2
6131,2
6132,2
6134,2
6135,3
6137,2
6138,2
6138,1
6139,2
6144,2
6148,2
6149,2
6149,1
6150,3
6151,2
6152,3
6154,3
6154,2
6155,2
6155,1
6157,2
6158,2
6163,2
6164,2
6166,3
6166,2
6167,2
6169,2
6170,2
6173,2
6174,2
6175,2
6176,2
6177,2
6179,2
6180,2
6181,2
6182,2
6183,2
6184,2
6185,2
6185,10
6185,1
6186,2
6190,2
6190,1
6192,2
6194,2
6201,2
6202,2
6207,2
6208,2
6212,2
6212,1
6214,2
6215,2
6216,2
6216,1
6217,2
6217,1
6218,2
6219,3
6225,2
6226,2
6228,2
6228,1
6229,2
6230,2
6232,2
6236,2
6237,2
6239,2
6243,2
6254,2
6256,1
6256,2
6257,2
6258,2
6260,2
6263,2
6267,6
6267,2
6269,2
6270,2
6271,2
6272,2
6273,2
6274,2
6275,2
6275,1
6276,2
6277,2
6278,2
6279,2
6279,1
6282,2
6283,2
6285,2
6286,1
6288,2
6289,1
6291,2
6291,1
6293,2
6295,2
6295,1
6299,2
6306,2
6310,2
6311,2
6311,7
6311,1
6313,2
6315,1
6315,2
6316,2
6317,2
6320,2
6320,5
6321,1
6321,2
6322,2
6324,2
6328,2
6331,2
6334,2
6337,2
6338,1
6339,2
6340,2
6343,2
6343,1
6347,2
6348,2
6349,2
6350,2
6351,2
6352,2
6353,9
6353,3
6353,2
6354,2
6355,2
6356,2
6357,2
6363,2
6365,2
6368,2
6368,3
6369,2
6372,12
6372,5
6372,2
6373,2
6374,2
6375,2
6378,2
6379,2
6381,2
6382,2
6384,2
6385,2
6385,1
6386,2
6387,2
6388,2
6389,2
6391,2
6393,2
6394,2
6394,10
6394,6
6394,1
6394,3
6395,2
6399,3
6401,2
6404,2
6408,2
6409,2
6411,2
6413,2
6414,2
6415,3
6416,2
6416,1
6418,2
6419,1
6419,2
6420,2
6421,2
6423,2
6424,2
6424,1
6425,2
6425,1
6426,2
6427,2
6428,2
6428,1
6434,2
6435,2
6436,2
6436,1
6437,2
6437,7
6437,5
6437,1
6438,1
6440,2
6440,1
6441,2
6441,1
6442,2
6443,2
6443,1
6444,2
6444,1
6445,2
6445,1
6446,2
6447,1
6448,2
6449,2
6455,2
6458,2
6458,1
6458,3
6459,2
6463,2
6465,2
6466,2
6467,2
6468,1
6468,2
6469,2
6470,2
6472,2
6473,2
6478,2
6480,6
6482,2
6482,1
6486,2
6488,2
6489,1
6490,2
6492,2
6499,2
6500,2
6501,1
6501,2
6502,2
6504,2
6509,2
6510,3
6514,2
6514,1
6515,2
6517,2
6519,2
6525,2
6525,1
6526,2
6531,3
6532,2
6533,2
6535,2
6536,2
6537,2
6539,2
6550,2
6559,2
6561,1
6564,2
6565,2
6568,2
6569,2
6569,10
6569,1
6570,2
6570,10
6572,2
6573,2
6575,2
6577,2
6582,2
6586,2
6587,2
6587,1
6588,2
6588,1
6589,2
6594,2
6595,2
6599,2
6600,2
6601,2
6604,2
6605,2
6606,2
6606,1
6607,2
6608,2
6608,1
6609,2
6611,2
6612,2
6614,2
6618,2
6620,2
6622,2
6626,2
6630,2
6634,1
6634,2
6636,2
6642,2
6651,2
6658,2
6659,2
6663,2
6665,2
6665,3
6666,2
6666,1
6667,2
6669,2
6671,2
6671,3
6673,2
6674,2
6675,2
6675,1
6679,2
6681,2
6692,1
6692,2
6693,2
6695,1
6700,2
6701,2
6704,2
6706,2
6707,2
6711,2
6712,2
6713,2
6714,2
6715,2
6716,2
6716,1
6717,2
6718,2
6719,2
6719,1
6725,2
6731,2
6733,2
6733,1
6734,2
6734,1
6735,2
6737,2
6738,2
6739,2
6743,1
6745,3
6747,2
6747,1
6747,7
6748,2
6750,2
6750,1
6753,2
6760,2
6763,2
6763,1
6764,1
6764,2
6764,10
6766,2
6767,2
6768,2
6768,1
6770,2
6772,2
6772,1
6774,2
6774,1
6774,3
6775,2
6777,2
6777,1
6778,2
6779,2
6779,1
6780,1
6780,2
6782,2
6783,2
6783,1
6784,2
6785,2
6786,30
6786,2
6786,1
6787,2
6788,2
6789,2
6790,2
6791,2
6793,7
6793,1
6793,2
6794,2
6795,2
6795,1
6796,2
6798,2
6798,1
6799,1
6799,2
6802,2
6805,3
6805,2
6805,1
6806,2
6809,2
6814,2
6816,2
6817,2
6820,2
6821,1
6822,2
6824,2
6825,7
6825,2
6826,2
6827,2
6828,2
6831,2
6832,2
6834,2
6835,2
6836,2
6837,2
6839,1
6843,2
6843,1
6844,2
6845,2
6847,2
6848,2
6848,1
6849,2
6850,2
6852,2
6854,2
6856,2
6857,2
6857,1
6859,2
6864,2
6864,1
6871,2
6876,2
6881,2
6883,2
6885,2
6886,2
6888,2
6888,1
6892,2
6894,2
6895,1
6895,2
6896,1
6897,3
6898,2
6900,2
6902,2
6903,2
6903,1
6904,22
6904,2
6905,2
6910,2
6910,1
6911,2
6911,1
6913,2
6913,1
6913,3
6914,2
6915,2
6916,3
6918,2
6919,2
6920,2
6921,2
6922,1
6923,2
6925,2
6926,2
6930,2
6932,2
6932,1
6942,2
6943,2
6944,2
6947,2
6948,2
6949,2
6951,2
6959,2
6960,2
6966,2
6967,2
6968,2
6969,2
6971,2
6975,2
6977,2
6979,2
6980,2
6981,1
6981,2
6983,2
6983,1
6984,2
6987,2
6991,2
6992,2
6992,1
6993,2
6998,1
6998,2
6999,2
7000,2
7001,1
7002,2
7004,2
7005,2
7010,2
7013,3
7018,3
7020,2
7021,2
7022,2
7028,2
7028,1
7029,2
7030,7
7033,2
7034,3
7037,3
7037,2
7040,2
7041,2
7043,2
7044,2
7046,2
7047,2
7048,2
7051,2
7053,2
7057,2
7060,2
7061,2
7065,2
7065,1
7075,2
7076,2
7077,6
7077,2
7080,3
7080,7
7080,2
7081,3
7082,2
7083,2
7084,2
7087,2
7089,2
7093,3
7099,2
7103,1
7105,2
7107,2
7108,2
7111,2
7114,2
7120,2
7121,2
7124,7
7125,2
7126,2
7128,3
7135,2
7135,1
7137,2
7138,2
7140,3
7140,2
7144,2
7146,2
7147,2
7152,2
7153,2
7154,2
7158,1
7158,2
7159,2
7161,1
7163,2
7164,2
7165,2
7165,1
7166,2
7167,2
7169,2
7169,1
7170,7
7170,3
7170,2
7170,9
7171,7
7171,9
7173,7
7174,2
7176,2
7177,2
7178,9
7178,7
7178,2
7179,3
7179,9
7179,2
7181,28
7182,3
7189,2
7191,2
7196,10
7196,2
7197,2
7199,2
7200,3
7200,2
7201,2
7202,2
7202,1
7203,3
7205,2
7205,1
7206,2
7206,1
7209,2
7210,2
7213,2
7214,2
7214,1
7216,2
7216,1
7218,2
7218,1
7220,2
7221,2
7221,1
7223,2
7223,1
7224,2
7224,1
7227,2
7229,2
7231,2
7232,2
7233,2
7233,1
7234,2
7235,1
7236,2
7237,2
7249,2
7250,2
7250,1
7252,2
7255,3
7255,9
7255,2
7255,7
7257,2
7258,1
7258,2
7259,2
7259,1
7260,2
7262,2
7264,2
7270,2
7271,2
7273,2
7276,2
7277,2
7278,9
7283,2
7284,10
7284,2
7284,1
7285,1
7285,2
7286,2
7288,2
7290,2
7291,2
7302,2
7303,2
7304,2
7304,1
7305,2
7307,2
7308,7
7309,2
7310,2
7313,2
7315,2
7315,1
7316,2
7316,1
7322,2
7338,2
7341,2
7341,1
7342,2
7344,2
7344,1
7345,2
7346,2
7349,2
7353,2
7354,2
7362,2
7363,1
7365,1
7366,2
7367,2
7369,2
7370,2
7371,2
7372,1
7372,2
7373,2
7374,2
7377,2
7379,2
7381,2
7383,2
7384,2
7384,1
7385,2
7388,2
7389,2
7393,2
7394,2
7395,2
7396,2
7397,2
7398,2
7399,2
7402,2
7404,2
7406,2
7406,1
7407,2
7409,2
7410,2
7410,1
7411,2
7411,1
7412,2
7414,2
7416,2
7419,2
7420,3
7420,2
7424,2
7427,2
7428,2
7430,2
7433,2
7433,1
7438,2
7440,2
7441,2
7442,2
7444,2
7445,2
7447,1
7450,2
7452,2
7456,22
7457,7
7458,2
7459,12
7459,1
7460,7
7463,2
7466,2
7466,1
7478,1
7478,2
7479,3
7480,3
7482,2
7484,2
7485,2
7486,2
7488,2
7489,2
7491,2
7495,7
7495,2
7495,1
7496,2
7497,2
7498,2
7500,1
7500,2
7503,2
7504,2
7505,2
7506,2
7508,2
7509,3
7509,9
7509,2
7510,2
7511,2
7512,2
7513,1
7513,2
7513,22
7513,10
7514,1
7514,2
7514,22
7514,10
7515,2
7515,1
7516,1
7516,2
7517,2
7518,3
7518,9
7519,2
7519,12
7520,2
7522,11
7522,7
7523,2
7524,9
7524,2
7524,3
7528,2
7529,2
7529,1
7531,2
7532,3
7535,1
7536,1
7540,2
7543,2
7543,1
7548,2
7548,3
7550,1
7550,2
7551,2
7552,2
7556,1
7558,1
7561,2
7562,2
7564,9
7565,1
7565,2
7567,2
7569,2
7570,2
7571,2
7574,1
7575,2
7580,2
7581,2
7582,2
7586,1
7587,1
7587,2
7590,2
7593,2
7599,2
7600,2
7606,2
7607,2
7608,2
7609,2
7612,2
7613,2
7613,1
7615,2
7615,1
7618,2
7619,3
7621,2
7621,1
7622,2
7622,1
7624,2
7624,1
7625,2
7627,2
7630,3
7631,2
7634,3
7637,2
7639,2
7640,2
7642,2
7643,2
7643,3
7645,2
7647,2
7648,2
7649,2
7651,2
7652,2
7657,2
7658,2
7659,2
7660,2
7661,2
7664,2
7664,1
7666,2
7668,2
7669,2
7670,2
7671,2
7673,2
7674,2
7677,1
7677,2
7678,2
7681,6
7681,2
7685,2
7686,2
7687,2
7687,1
7689,2
7690,2
7691,2
7694,1
7694,2
7695,2
7699,2
7701,2
7705,2
7705,1
7707,2
7707,3
7708,2
7711,1
7716,2
7718,2
7720,1
7720,2
7722,2
7726,2
7727,2
7735,2
7738,2
7739,2
7740,2
7745,2
7746,2
7747,2
7748,2
7749,2
7750,2
7751,2
7754,2
7756,1
7757,1
7760,2
7763,1
7763,2
7767,2
7768,2
7771,2
7775,2
7775,1
7776,2
7780,2
7782,2
7783,2
7787,2
7789,2
7792,2
7793,11
7796,2
7798,2
7800,2
7800,1
7803,3
7807,2
7807,1
7809,7
7809,2
7810,2
7811,2
7812,1
7812,2
7813,2
7813,1
7814,2
7815,1
7815,2
7816,2
7819,2
7819,1
7821,1
7822,2
7823,2
7824,2
7827,2
7828,2
7830,2
7840,2
7844,2
7849,2
7855,2
7855,1
7857,2
7860,2
7867,2
7870,2
7871,2
7872,2
7873,2
7876,2
7876,1
7877,2
7878,2
7886,2
7887,2
7888,2
7889,2
7891,1
7892,2
7894,2
7895,2
7897,2
7898,2
7899,2
7902,2
7903,2
7904,2
7907,2
7909,22
7913,2
7914,1
7914,2
7917,2
7918,2
7919,2
7922,2
7924,1
7926,2
7931,2
7931,1
7933,2
7939,1
7941,2
7943,2
7945,2
7951,2
7952,2
7954,2
7955,2
7957,2
7957,1
7958,2
7960,2
7963,2
7964,2
7966,2
7969,1
7970,2
7970,1
7971,2
7972,2
7974,1
7974,2
7975,2
7975,1
7977,2
7979,2
7980,2
7982,2
7986,2
7987,2
7988,2
7991,2
7994,1
7994,2
8002,2
8006,2
8010,2
8014,2
8015,2
8021,2
8024,2
8026,1
8030,1
8030,2
8033,2
8067,2
8068,2
8072,2
8077,2
8078,2
8083,2
8088,2
8091,2
8092,3
8093,1
8103,2
8106,2
8106,1
8106,3
8107,2
8109,2
8110,1
8111,2
8114,2
8122,2
8126,2
8129,2
8130,2
8131,2
8136,2
8156,2
8156,1
8180,2
8187,2
8188,2
8188,1
8189,2
8190,2
8193,2
8199,2
8201,2
8210,2
8212,2
8214,2
8216,2
8226,2
8229,2
8252,2
8255,3
8255,2
8257,2
8259,2
8268,2
8269,2
8278,2
8281,2
8285,2
8290,2
8298,2
8299,2
8303,12
8303,2
8305,2
8305,1
8306,2
8307,2
8310,2
8311,2
8315,2
8318,1
8318,2
8319,2
8322,2
8323,2
8325,2
8326,7
8338,2
8339,2
8340,2
8340,1
8341,2
8344,2
8346,1
8346,2
8350,1
8352,3
8354,7
8355,2
8357,3
8358,3
8359,3
8360,2
8361,2
8361,1
8366,2
8369,2
8371,2
8371,1
8372,1
8372,2
8373,2
8375,2
8378,3
8378,7
8379,2
8381,2
8383,2
8384,2
8385,2
8386,2
8387,2
8388,2
8389,12
8389,2
8392,2
8394,3
8403,2
8404,2
8407,2
8414,2
8415,2
8416,1
8416,2
8417,2
8417,1
8418,2
8421,2
8424,2
8426,2
8426,1
8427,2
8428,3
8428,2
8429,2
8432,2
8436,2
8437,2
8438,2
8439,2
8440,2
8441,2
8442,2
8443,2
8444,1
8444,2
8447,1
8450,2
8454,2
8456,2
8458,2
8460,2
8462,2
8462,1
8464,2
8464,1
8466,2
8468,2
8470,2
8472,1
8473,2
8474,2
8474,1
8476,2
8477,2
8478,2
8479,1
8479,2
8481,2
8484,2
8484,7
8485,2
8487,2
8488,2
8491,2
8493,2
8493,1
8494,2
8495,1
8495,2
8498,2
8498,1
8502,2
8502,1
8502,3
8505,2
8511,2
8513,2
8514,2
8514,1
8515,2
8515,1
8516,2
8519,2
8521,2
8522,2
8524,2
8528,1
8529,2
8536,2
8538,2
8539,2
8539,1
8542,2
8542,1
8543,2
8544,1
8545,2
8546,2
8547,2
8548,2
8550,2
8551,2
8554,1
8554,2
8555,2
8557,2
8559,2
8561,6
8561,2
8563,2
8570,2
8570,1
8577,2
8578,2
8584,2
8586,2
8589,2
8597,2
8599,3
8599,2
8601,2
8607,2
8611,2
8614,2
8616,2
8617,2
8619,2
8620,2
8621,2
8621,1
8622,2
8623,2
8624,2
8625,2
8626,2
8627,2
8630,2
8631,1
8631,2
8640,2
8643,2
8644,2
8645,2
8648,2
8649,2
8651,2
8652,2
8653,2
8654,1
8654,2
8657,2
8658,3
8663,1
8664,2
8667,2
8671,2
8676,2
8679,1
8684,3
8684,2
8685,2
8689,2
8699,2
8700,2
8701,2
8701,1
8704,2
8710,2
8711,2
8719,2
8721,2
8725,1
8727,2
8732,2
8734,2
8737,2
8740,2
8740,1
8745,1
8752,2
8756,2
8760,2
8763,2
8764,2
8766,2
8773,2
8785,1
8785,2
8786,2
8805,2
8806,1
8806,2
8809,2
8811,8
8817,2
8819,2
8825,2
8827,2
8828,2
8832,2
8832,1
8833,2
8834,2
8834,11
8834,7
8836,2
8837,2
8839,2
8841,2
8845,7
8846,2
8853,2
8855,2
8858,14
8858,2
8860,7
8862,2
8863,2
8864,2
8864,1
8865,2
8867,2
8868,1
8868,2
8870,2
8871,2
8871,1
8872,2
8873,2
8874,2
8876,7
8878,7
8880,7
8881,1
8881,2
8882,2
8882,1
8888,2
8888,1
8889,2
8890,2
8899,1
8899,2
8900,2
8902,2
8902,1
8904,3
8907,2
8907,1
8908,2
8909,2
8909,1
8910,2
8911,2
8912,1
8914,2
8915,2
8916,2
8921,2
8922,2
8923,9
8923,2
8925,2
8927,2
8927,1
8927,3
8928,1
8928,2
8931,1
8932,2
8934,2
8934,1
8935,1
8935,2
8938,1
8939,3
8940,2
8941,1
8942,12
8942,2
8942,1
8948,2
8950,2
8953,2
8954,2
8957,2
8958,14
8959,11
8959,13
8959,2
8960,2
8967,2
8968,2
8969,2
8969,1
8971,1
8972,2
8972,1
8973,2
8975,9
8975,7
8976,7
8978,2
8981,2
8983,2
8983,5
8986,2
8989,2
8990,2
8991,2
8991,1
8993,1
8994,2
8996,2
8996,3
8998,2
8999,2
9003,11
9003,2
9004,3
9007,2
9008,2
9009,2
9013,2
9013,1
9014,2
9014,1
9015,2
9016,3
9017,3
9018,2
9018,1
9020,2
9021,7
9021,1
9023,2
9023,1
9025,2
9025,1
9026,2
9026,1
9028,2
9031,10
9031,2
9031,1
9032,2
9033,2
9033,1
9036,2
9037,2
9038,2
9039,2
9040,2
9042,2
9043,2
9044,1
9045,6
9045,1
9045,2
9046,23
9048,1
9048,2
9050,2
9051,2
9052,2
9053,2
9054,2
9054,1
9055,2
9055,1
9058,2
9059,2
9060,2
9061,3
9061,2
9063,9
9063,3
9064,2
9066,2
9066,1
9070,2
9071,2
9072,2
9073,2
9076,2
9076,1
9077,2
9079,9
9083,2
9084,2
9084,7
9085,2
9087,2
9087,1
9090,2
9091,2
9094,2
9094,1
9095,2
9096,2
9099,2
9104,2
9105,2
9105,1
9107,1
9107,2
9110,2
9111,2
9113,2
9114,2
9117,2
9118,2
9121,2
9121,1
9123,2
9124,2
9126,2
9126,1
9128,3
9130,2
9132,2
9133,2
9135,2
9135,1
9138,2
9139,2
9140,2
9141,2
9143,1
9143,2
9144,2
9145,2
9147,2
9148,2
9150,2
9151,2
9153,7
9153,2
9153,1
9154,2
9155,2
9159,2
9159,1
9160,2
9163,2
9163,1
9168,10
9168,2
9171,3
9174,2
9175,2
9175,1
9176,2
9179,2
9181,2
9182,2
9183,2
9185,2
9185,1
9186,1
9187,2
9187,1
9192,2
9193,2
9195,2
9197,2
9199,2
9199,1
9201,2
9202,2
9203,2
9204,2
9205,2
9207,2
9207,1
9210,2
9213,2
9214,2
9216,2
9218,2
9220,2
9221,2
9223,2
9224,3
9224,2
9226,2
9228,1
9234,1
9235,2
9235,1
9237,2
9237,1
9241,2
9242,2
9244,2
9244,1
9245,3
9245,2
9246,2
9246,1
9250,2
9251,2
9252,2
9253,1
9253,2
9256,2
9257,7
9257,2
9257,1
9259,2
9259,1
9260,2
9261,2
9262,2
9263,1
9264,2
9264,1
9265,2
9266,1
9266,2
9267,2
9268,2
9271,2
9273,2
9275,2
9276,2
9276,1
9277,1
9277,2
9278,11
9278,2
9280,2
9281,2
9281,1
9282,2
9284,2
9285,2
9286,2
9288,2
9289,2
9289,1
9291,2
9292,2
9294,2
9295,2
9295,1
9296,1
9296,2
9298,2
9299,1
9299,2
9300,2
9300,1
9301,2
9302,2
9304,2
9305,2
9308,2
9309,2
9313,2
9316,2
9317,2
9319,2
9319,1
9320,2
9322,2
9323,2
9324,2
9325,2
9326,2
9326,1
9327,1
9327,2
9328,2
9329,2
9330,2
9331,2
9332,2
9332,1
9333,2
9334,2
9335,3
9340,2
9342,2
9343,2
9343,1
9346,7
9347,2
9348,2
9352,2
9353,2
9358,2
9359,2
9360,2
9361,2
9362,2
9363,2
9364,2
9370,18
9372,2
9373,2
9377,2
9378,2
9378,1
9386,2
9387,2
9392,2
9394,2
9398,1
9401,1
9401,2
9402,2
9402,1
9404,3
9404,2
9405,2
9406,2
9408,2
9411,2
9411,1
9416,2
9418,2
9419,2
9421,22
9423,2
9424,2
9425,2
9427,2
9432,2
9433,2
9434,2
9435,2
9436,2
9439,2
9440,2
9441,2
9442,2
9445,2
9449,2
9450,2
9451,2
9455,2
9458,1
9458,2
9459,2
9463,2
9465,2
9467,2
9468,2
9470,2
9471,2
9472,2
9474,2
9475,2
9476,2
9477,2
9478,2
9479,2
9480,2
9481,2
9482,1
9482,2
9486,2
9487,2
9488,2
9498,2
9498,1
9499,1
9501,2
9501,1
9502,2
9503,2
9505,2
9507,2
9508,2
9508,1
9509,2
9511,2
9513,2
9515,2
9516,1
9516,2
9518,2
9522,3
9523,2
9525,2
9527,2
9527,1
9528,2
9529,2
9530,2
9531,2
9532,1
9534,2
9535,12
9538,2
9539,2
9541,1
9541,2
9542,2
9544,2
9544,1
9547,2
9552,2
9553,2
9555,2
9556,2
9557,7
9559,2
9561,2
9561,1
9562,2
9563,2
9564,2
9568,2
9570,2
9570,1
9571,2
9572,2
9577,2
9578,2
9579,2
9580,2
9581,2
9590,2
9593,2
9594,2
9598,2
9602,1
9603,1
9603,2
9604,2
9605,2
9605,1
9606,2
9607,2
9613,2
9617,3
9618,2
9620,2
9622,2
9623,2
9625,2
9627,2
9627,1
9628,2
9633,2
9634,2
9636,2
9637,3
9639,2
9640,2
9642,2
9645,2
9646,2
9646,1
9646,3
9647,2
9649,2
9651,2
9652,2
9653,2
9657,1
9660,2
9661,2
9665,2
9668,2
9670,2
9675,2
9676,2
9678,2
9678,1
9681,2
9684,2
9684,3
9685,2
9686,2
9687,2
9688,2
9690,2
9690,1
9691,2
9694,2
9698,2
9699,2
9700,2
9701,1
9702,2
9702,1
9703,2
9704,2
9705,2
9706,2
9707,2
9707,1
9708,2
9715,1
9717,2
9719,2
9720,2
9723,2
9726,2
9729,2
9730,2
9731,2
9732,2
9733,2
9733,1
9734,2
9735,2
9737,2
9738,1
9738,2
9739,2
9740,2
9742,2
9745,2
9747,2
9750,2
9750,1
9751,2
9752,2
9754,2
9755,2
9758,2
9759,2
9761,2
9762,2
9763,2
9763,1
9764,1
9765,2
9767,2
9768,1
9768,2
9769,2
9773,2
9774,1
9774,2
9775,2
9776,2
9776,1
9777,1
9779,2
9782,2
9783,2
9784,2
9785,2
9787,2
9789,2
9790,2
9792,2
9793,2
9793,1
9794,2
9795,2
9799,2
9799,1
9800,2
9802,2
9803,2
9803,1
9804,2
9805,2
9806,2
9808,2
9809,2
9811,2
9814,2
9815,1
9816,2
9817,2
9820,2
9822,2
9826,2
9826,1
9828,2
9829,1
9829,2
9830,6
9830,2
9834,2
9840,3
9842,2
9849,2
9850,2
9851,2
9853,2
9854,1
9854,2
9857,2
9861,2
9864,2
9866,2
9867,2
9869,2
9869,1
9870,2
9871,2
9872,2
9873,1
9875,2
9875,1
9876,2
9877,1
9877,2
9880,2
9881,2
9882,2
9887,2
9888,2
9888,1
9889,2
9890,2
9893,1
9893,2
9894,3
9895,2
9896,2
9898,1
9898,2
9900,2
9901,2
9903,2
9905,2
9908,2
9909,2
9909,1
9910,2
9911,2
9911,1
9913,2
9914,2
9917,1
9917,2
9918,2
9918,1
9919,2
9920,2
9922,2
9923,2
9924,1
9924,2
9925,2
9925,1
9926,2
9927,2
9928,2
9930,2
9932,2
9934,1
9935,2
9935,1
9937,2
9938,2
9939,2
9940,2
9941,2
9941,1
9942,2
9943,2
9944,2
9946,1
9947,1
9948,2
9949,2
9950,1
9953,2
9955,2
9967,1
9967,2
9969,2
9969,1
9975,3
9976,2
9976,1
9979,2
9980,6
9980,1
9980,2
9983,3
9989,2
9990,2
9990,1
9991,2
9994,2
9996,2
10002,2
10004,2
10007,2
10007,1
10009,2
10009,1
10009,3
10012,2
10013,2
10014,2
10015,2
10016,2
10018,2
10019,2
10020,2
10021,2
10022,2
10024,2
10024,1
10025,2
10026,2
10027,2
10031,2
10033,2
10037,2
10037,1
10038,2
10041,2
10042,2
10044,1
10044,2
10045,2
10047,2
10048,2
10053,2
10054,2
10055,2
10056,3
10058,2
10061,2
10062,2
10064,2
10065,2
10066,1
10068,2
10069,2
10069,1
10071,2
10072,2
10074,2
10077,1
10077,2
10081,2
10087,2
10088,2
10090,2
10091,1
10091,2
10093,9
10095,2
10097,1
10099,2
10100,2
10102,2
10104,2
10104,1
10106,2
10107,2
10108,2
10109,2
10113,2
10114,2
10119,2
10119,1
10122,2
10122,1
10125,2
10134,3
10134,1
10134,2
10135,2
10139,2
10140,2
10141,1
10142,7
10144,2
10145,2
10146,2
10148,2
10149,2
10149,3
10151,2
10152,2
10152,1
10153,1
10153,2
10154,2
10154,1
10158,2
10158,1
10160,2
10161,2
10163,2
10165,1
10166,2
10166,1
10168,2
10168,1
10169,2
10169,1
10170,1
10170,2
10172,2
10172,1
10173,1
10174,2
10175,2
10180,2
10181,2
10183,2
10183,3
10184,2
10184,1
10186,1
10186,2
10188,2
10188,1
10189,2
10190,2
10192,2
10193,2
10194,3
10196,2
10199,1
10199,2
10200,1
10201,1
10202,2
10202,1
10203,2
10204,2
10205,2
10206,2
10209,2
10210,2
10214,2
10217,2
10217,3
10219,2
10222,2
10225,1
10225,2
10226,2
10227,2
10228,2
10230,2
10230,3
10234,2
10235,2
10241,2
10241,1
10242,2
10243,2
10245,2
10246,2
10247,2
10247,1
10251,1
10256,2
10257,2
10257,1
10259,2
10260,2
10262,2
10263,1
10263,2
10266,2
10267,2
10269,2
10273,2
10278,2
10279,2
10280,2
10284,2
10285,2
10288,2
10289,2
10291,2
10293,1
10297,2
10299,2
10301,2
10302,2
10304,2
10305,2
10306,2
10307,2
10308,2
10309,2
10309,1
10310,2
10312,2
10313,2
10314,2
10316,2
10317,6
10317,2
10319,2
10320,2
10326,2
10327,1
10327,2
10328,2
10329,1
10331,2
10333,6
10333,2
10336,2
10337,2
10339,2
10340,2
10341,2
10342,1
10342,2
10343,2
10344,2
10345,2
10347,2
10349,2
10349,1
10350,2
10350,1
10351,1
10352,2
10354,2
10357,2
10357,1
10360,2
10360,1
10362,2
10362,1
10363,2
10364,2
10364,1
10365,2
10365,1
10366,2
10366,1
10367,1
10367,2
10368,1
10369,2
10371,2
10373,11
10374,1
10375,2
10375,1
10376,1
10377,2
10378,2
10379,2
10379,3
10380,2
10380,1
10381,2
10385,7
10385,2
10386,2
10387,2
10389,2
10390,1
10391,2
10392,2
10393,2
10394,2
10396,2
10398,2
10398,1
10401,1
10401,2
10402,1
10404,2
10404,1
10405,2
10407,2
10408,2
10410,2
10410,1
10411,2
10411,1
10412,2
10416,2
10416,1
10417,2
10418,2
10423,2
10423,1
10424,1
10424,2
10426,14
10428,2
10428,1
10428,14
10429,2
10430,1
10430,2
10431,2
10432,2
10433,2
10434,2
10434,1
10435,2
10436,2
10436,3
10437,2
10438,2
10439,1
10439,2
10440,2
10440,6
10441,2
10441,1
10443,2
10445,6
10445,2
10446,2
10446,1
10447,2
10449,2
10452,2
10452,6
10453,2
10454,2
10455,2
10456,2
10456,1
10458,2
10458,1
10460,2
10461,2
10463,2
10466,2
10468,2
10469,2
10470,2
10471,2
10471,1
10473,2
10473,1
10475,2
10476,2
10478,2
10481,2
10483,2
10483,1
10485,2
10486,2
10488,2
10488,1
10490,2
10492,2
10494,2
10494,1
10495,3
10496,2
10499,2
10502,2
10503,2
10504,2
10505,2
10506,2
10507,2
10509,2
10511,2
10515,2
10516,2
10519,2
10522,2
10525,2
10527,2
10528,2
10530,1
10530,2
10531,2
10532,2
10532,1
10534,2
10536,2
10537,2
10537,1
10539,2
10542,2
10543,2
10544,2
10544,3
10548,2
10549,2
10551,2
10555,2
10557,2
10560,2
10560,1
10564,2
10565,2
10566,2
10567,2
10571,2
10572,2
10574,2
10574,1
10574,3
10576,2
10577,2
10578,2
10578,1
10579,2
10581,2
10585,2
10587,2
10589,1
10590,2
10590,3
10591,2
10592,2
10592,1
10593,2
10593,1
10594,2
10595,2
10597,2
10598,2
10598,1
10600,2
10602,2
10603,2
10603,1
10610,2
10612,2
10612,1
10613,2
10614,2
10614,1
10617,2
10617,1
10620,2
10621,2
10623,2
10626,3
10626,2
10628,1
10628,2
10634,2
10635,2
10635,1
10636,2
10637,2
10638,1
10641,2
10641,1
10645,2
10648,2
10651,2
10651,1
10652,2
10654,2
10655,2
10656,2
10658,2
10660,6
10660,2
10660,1
10661,2
10662,2
10662,1
10665,2
10669,2
10676,2
10678,2
10678,1
10679,1
10682,2
10682,1
10684,2
10688,2
10689,2
10690,3
10692,2
10695,2
10697,2
10700,2
10702,2
10703,2
10705,1
10706,2
10707,2
10707,1
10708,2
10709,2
10710,2
10713,2
10715,2
10716,1
10716,2
10717,2
10719,2
10721,2
10723,2
10723,1
10725,2
10728,2
10729,2
10729,1
10731,2
10732,2
10736,2
10737,2
10745,2
10749,2
10752,2
10756,2
10756,1
10757,2
10761,2
10761,1
10765,2
10776,2
10781,1
10782,2
10783,7
10783,3
10783,2
10784,1
10785,2
10787,2
10788,2
10792,2
10796,2
10798,2
10800,2
10802,2
10803,2
10804,2
10806,2
10808,2
10809,2
10810,2
10811,2
10813,2
10814,2
10815,2
10816,2
10816,1
10817,2
10819,2
10820,2
10821,2
10822,2
10823,2
10825,2
10826,2
10827,2
10827,1
10828,2
10829,2
10830,2
10830,1
10831,2
10832,2
10839,2
10843,2
10844,2
10845,2
10845,1
10847,2
10848,2
10849,2
10849,1
10849,3
10850,2
10850,1
10851,2
10852,2
10852,1
10855,2
10856,2
10857,2
10859,2
10861,2
10861,1
10862,2
10862,1
10863,2
10865,2
10869,2
10869,1
10874,2
10879,2
10882,2
10883,2
10884,2
10885,2
10886,2
10886,1
10888,2
10889,2
10890,2
10892,2
10893,2
10894,2
10895,2
10895,3
10896,2
10897,2
10897,1
10898,2
10899,2
10899,1
10900,2
10904,2
10906,2
10907,2
10909,2
10909,1
10910,2
10911,2
10912,2
10913,2
10914,2
10915,2
10915,1
10916,2
10917,2
10918,2
10919,2
10919,1
10920,2
10921,2
10927,2
10927,1
10928,2
10929,2
10931,1
10931,2
10932,1
10932,2
10936,2
10937,2
10940,2
10941,2
10941,1
10941,14
10942,2
10943,2
10944,2
10945,2
10945,1
10946,2
10947,2
10948,2
10951,2
10952,1
10952,2
10953,2
10956,3
10957,2
10958,2
10958,1
10960,2
10961,2
10962,2
10963,2
10964,2
10964,1
10966,2
10968,1
10969,2
10971,2
10972,2
10972,1
10973,2
10974,2
10975,2
10977,2
10980,2
10983,2
10985,2
10986,2
10987,2
10992,2
10993,2
10994,2
10995,2
10995,1
10996,2
10996,3
10999,2
11001,2
11005,2
11006,2
11007,2
11008,2
11010,3
11010,2
11011,2
11013,2
11014,2
11018,2
11020,2
11021,2
11023,1
11025,2
11026,2
11026,1
11027,2
11028,2
11029,2
11032,2
11033,2
11034,2
11035,2
11036,2
11036,1
11037,2
11040,2
11042,2
11042,1
11043,2
11044,2
11044,1
11048,2
11049,2
11050,2
11051,2
11052,2
11053,2
11054,2
11054,1
11055,2
11055,1
11056,2
11056,1
11057,2
11059,2
11060,2
11062,2
11063,2
11064,2
11065,2
11066,2
11066,1
11068,2
11069,2
11070,2
11071,2
11071,1
11072,2
11072,1
11075,2
11075,1
11076,2
11077,2
11078,2
11080,2
11081,2
11083,2
11084,2
11084,3
11085,2
11086,2
11087,2
11088,2
11089,2
11089,1
11093,2
11094,2
11097,2
11099,2
11100,2
11100,1
11101,2
11102,2
11103,2
11105,2
11107,2
11108,2
11109,2
11109,1
11110,2
11111,2
11112,2
11113,2
11113,1
11114,2
11116,2
11117,2
11119,2
11119,1
11120,2
11120,1
11121,2
11123,2
11124,2
11125,2
11126,2
11127,2
11128,2
11129,2
11130,2
11131,2
11131,1
11132,2
11133,2
11134,2
11135,2
11136,2
11137,2
11138,2
11142,2
11143,2
11145,2
11146,1
11148,2
11149,2
11149,3
11151,2
11152,2
11153,2
11154,2
11155,2
11156,2
11157,2
11160,2
11161,2
11162,1
11162,2
11163,2
11164,2
11166,2
11167,2
11169,2
11171,2
11172,2
11173,2
11174,1
11174,2
11175,2
11176,2
11176,1
11177,2
11178,2
11180,2
11194,2
11195,2
11222,2
11225,2
11225,1
11226,2
11227,2
11229,2
11229,1
11230,2
11231,2
11232,2
11232,1
11236,2
11242,2
11249,2
11250,2
11251,1
11254,2
11254,1
11263,2
11266,2
11268,2
11270,2
11271,2
11274,2
11276,2
11277,2
11279,2
11280,2
11282,2
11284,2
11285,2
11287,2
11289,2
11290,2
11293,2
11294,2
11297,2
11298,2
11298,1
11299,2
11303,2
11304,2
11305,2
11307,2
11311,2
11313,2
11317,2
11318,2
11321,2
11321,1
11325,2
11330,2
11331,2
11333,2
11338,2
11340,2
11345,2
11349,2
11350,2
11351,2
11355,1
11357,2
11361,2
11362,2
11363,2
11364,2
11366,2
11369,2
11370,2
11371,1
11372,2
11375,2
11376,2
11378,2
11379,2
11380,2
11381,2
11381,1
11382,2
11386,2
11386,1
11388,2
11389,1
11389,2
11390,2
11391,2
11392,2
11395,2
11395,1
11397,2
11398,2
11399,2
11401,2
11402,2
11403,2
11404,2
11405,2
11406,2
11406,1
11407,2
11409,2
11418,2
11420,2
11422,2
11423,2
11425,2
11426,2
11427,2
11428,2
11429,2
11431,2
11432,2
11436,2
11438,2
11439,2
11440,2
11441,2
11443,2
11445,2
11445,1
11445,3
11446,2
11447,2
11448,2
11448,1
11448,3
11449,2
11451,2
11452,2
11453,2
11453,1
11454,2
11455,2
11456,2
11457,2
11459,2
11460,2
11462,2
11464,2
11465,2
11466,2
11469,2
11471,2
11475,2
11476,1
11477,2
11477,1
11478,2
11480,2
11480,1
11481,2
11482,2
11483,2
11484,2
11485,2
11485,3
11486,2
11487,2
11488,2
11489,2
11491,2
11492,2
11495,2
11499,2
11501,2
11508,2
11511,2
11512,2
11516,2
11521,2
11522,2
11525,2
11525,1
11526,2
11529,2
11530,2
11531,1
11531,2
11532,2
11533,2
11533,1
11533,3
11535,2
11537,2
11537,1
11538,2
11539,2
11540,2
11541,1
11541,2
11543,1
11543,2
11544,2
11544,1
11546,2
11547,2
11548,2
11550,2
11551,2
11551,1
11552,2
11553,2
11554,2
11555,2
11557,2
11558,2
11559,2
11560,2
11560,1
11561,2
11573,2
11575,2
11576,2
11580,2
11582,2
11583,2
11584,2
11585,2
11586,2
11588,2
11588,1
11589,2
11591,2
11592,2
11594,2
11595,2
11599,2
11600,2
11601,2
11603,1
11603,2
11604,2
11605,2
11607,2
11609,2
11611,2
11612,2
11613,2
11615,2
11616,2
11620,2
11622,2
11623,2
11624,2
11625,2
11626,2
11628,2
11629,2
11630,2
11631,2
11631,1
11637,3
11639,2
11640,2
11641,2
11642,2
11645,2
11647,2
11647,1
11650,2
11655,2
11656,1
11656,2
11657,2
11657,1
11658,2
11658,1
11659,2
11659,7
11660,2
11660,1
11661,2
11663,2
11664,2
11665,2
11666,2
11668,2
11668,1
11672,2
11673,2
11674,2
11676,1
11676,2
11678,2
11679,2
11680,6
11680,2
11680,1
11682,2
11683,2
11686,2
11688,2
11689,2
11690,2
11691,2
11691,1
11691,3
11693,2
11694,2
11695,2
11696,2
11697,2
11698,2
11699,2
11699,1
11700,2
11702,2
11702,3
11704,2
11707,2
11707,1
11708,2
11709,2
11711,2
11713,2
11722,2
11724,2
11730,2
11732,2
11733,2
11734,1
11734,2
11736,2
11739,2
11740,2
11741,2
11743,2
11744,2
11745,2
11745,1
11745,14
11746,2
11746,7
11748,2
11748,1
11749,2
11751,9
11753,2
11759,3
11760,2
11761,2
11761,1
11762,6
11762,2
11763,1
11764,2
11764,6
11764,1
11766,9
11766,3
11767,9
11768,2
11769,2
11770,1
11771,3
11772,2
11775,1
11775,2
11776,2
11781,2
11783,2
11788,3
11789,2
11790,2
11791,2
11792,2
11793,2
11794,2
11794,1
11795,2
11796,2
11797,3
11797,2
11798,2
11799,2
11800,2
11803,2
11804,11
11804,2
11805,2
11807,2
11808,2
11808,1
11809,3
11809,9
11811,2
11815,2
11817,7
11819,1
11820,2
11821,1
11821,2
11822,10
11822,10
11823,9
11823,3
11825,3
11826,2
11828,7
11828,2
11829,3
11833,2
11840,2
11841,2
11842,2
11843,2
11852,2
11854,2
11855,2
11857,1
11858,2
11860,2
11865,1
11865,2
11866,2
11868,3
11869,2
11870,2
11871,2
11871,1
11872,1
11872,2
11873,2
11875,2
11879,2
11880,2
11881,2
11882,2
11883,1
11883,2
11884,2
11885,2
11888,2
11888,7
11896,2
11898,1
11899,2
11906,10
11910,2
11925,2
11926,2
11927,2
11927,1
11928,3
11931,2
11931,1
11933,2
11934,2
11935,2
11936,2
11937,2
11938,2
11939,2
11940,2
11940,1
11943,2
11946,2
11947,2
11948,2
11951,1
11958,2
11960,1
11962,2
11963,2
11964,2
11968,1
11968,2
11969,2
11977,2
11978,13
11980,2
11983,2
11993,2
11995,2
11996,2
11997,2
11998,2
11999,2
12001,1
12001,2
12004,2
12006,2
12007,2
12010,2
12010,1
12011,5
12011,2
12014,2
12014,7
12015,2
12021,2
12022,2
12023,2
12024,2
12025,2
12027,1
12027,2
12028,2
12029,2
12030,2
12031,2
12033,2
12034,2
12035,2
12038,2
12048,2
12050,1
12053,2
12053,1
12054,2
12056,2
12059,2
12064,2
12065,2
12067,2
12068,2
12072,2
12072,1
12073,2
12074,2
12074,1
12077,2
12078,2
12079,2
12080,2
12083,2
12086,2
12089,2
12090,2
12093,2
12093,1
12097,2
12098,7
12102,2
12102,1
12103,2
12105,2
12108,2
12117,2
12118,2
12121,2
12125,3
12127,2
12133,2
12135,2
12140,2
12141,2
12142,2
12144,2
12145,7
12146,3
12146,2
12147,2
12150,2
12151,2
12154,2
12156,2
12159,2
12162,2
12167,2
12168,1
12170,2
12171,2
12173,2
12174,2
12175,2
12178,6
12178,2
12179,2
12179,3
12181,2
12185,2
12185,1
12190,2
12191,2
12193,2
12196,2
12198,2
12199,2
12200,1
12203,2
12207,2
12207,1
12209,2
12209,1
12211,2
12213,1
12214,2
12214,1
12217,2
12219,2
12221,2
12223,2
12226,2
12228,2
12229,1
12231,2
12232,2
12233,2
12235,2
12236,2
12238,2
12239,2
12240,2
12241,2
12243,2
12244,3
12245,2
12249,2
12256,2
12257,2
12258,2
12261,2
12264,2
12268,2
12268,3
12270,2
12273,2
12274,2
12276,2
12277,2
12278,2
12282,3
12283,2
12285,2
12285,3
12286,2
12288,3
12290,1
12290,2
12291,2
12293,1
12293,2
12298,2
12301,2
12302,2
12314,2
12317,2
12319,2
12323,2
12323,1
12324,2
12324,1
12325,2
12329,2
12330,2
12330,1
12333,2
12334,2
12336,2
12338,2
12343,12
12346,2
12347,2
12347,5
12347,1
12348,2
12349,1
12349,2
12351,2
12354,2
12355,2
12356,2
12356,1
12356,3
12359,2
12360,2
12360,1
12361,2
12362,2
12367,2
12369,2
12370,2
12372,11
12372,2
12373,2
12375,2
12376,3
12377,2
12378,2
12383,2
12386,2
12387,2
12388,2
12389,2
12391,2
12397,2
12399,2
12403,2
12403,1
12404,2
12411,2
12412,1
12412,2
12413,1
12415,2
12416,2
12417,2
12419,2
12420,2
12421,1
12430,2
12432,1
12433,2
12439,2
12439,1
12441,2
12442,2
12444,1
12445,2
12448,2
12449,2
12451,2
12456,2
12457,2
12457,1
12463,2
12468,1
12468,2
12473,2
12474,2
12475,2
12476,2
12478,2
12479,2
12485,2
12488,2
12490,2
12498,2
12499,2
12499,1
12500,1
12500,2
12501,2
12503,1
12507,2
12516,2
12517,1
12517,2
12518,2
12519,2
12520,2
12523,2
12523,1
12527,2
12529,2
12531,2
12532,2
12532,1
12534,2
12537,2
12541,2
12544,3
12548,3
12549,2
12551,2
12551,1
12553,2
12560,2
12561,2
12562,2
12563,2
12563,1
12568,2
12569,2
12570,2
12571,2
12573,2
12579,2
12581,2
12586,2
12590,2
12591,2
12598,2
12603,2
12605,2
12607,1
12610,2
12610,1
12611,2
12611,1
12616,2
12619,2
12626,2
12627,2
12629,2
12631,2
12635,2
12639,2
12640,1
12641,2
12642,2
12643,2
12644,2
12646,2
12647,2
12648,2
12652,2
12659,2
12660,2
12661,2
12662,2
12667,2
12668,2
12669,2
12674,2
12677,2
12677,3
12678,1
12681,1
12683,2
12685,2
12687,2
12688,2
12689,2
12690,2
12691,2
12692,2
12693,2
12694,2
12695,2
12697,2
12697,1
12700,2
12702,2
12706,2
12711,2
12717,2
12720,2
12721,2
12722,2
12725,2
12731,2
12732,2
12735,2
12739,2
12740,3
12742,2
12743,2
12744,2
12747,2
12751,2
12757,2
12760,2
12762,2
12768,2
12768,1
12769,2
12771,2
12779,2
12783,2
12801,2
12802,2
12803,2
12804,2
12805,2
12807,2
12808,2
12811,2
12812,2
12813,2
12814,2
12815,3
12816,2
12817,2
12822,3
12823,2
12824,2
12824,3
12827,2
12827,1
12829,2
12831,2
12832,2
12833,2
12837,2
12838,2
12839,2
12840,1
12845,2
12845,1
12850,1
12855,2
12857,2
12857,1
12858,2
12859,2
12862,1
12863,2
12864,2
12873,2
12877,2
12878,2
12881,2
12883,2
12898,2
12901,2
12906,2
12907,2
12910,2
12914,2
12915,2
12915,1
12927,2
12928,10
12928,2
12930,2
12933,2
12933,1
12935,2
12941,2
12946,2
12948,2
12950,2
12957,2
12959,2
12961,2
12962,2
12963,2
12964,2
12965,2
12967,2
12967,1
12969,2
12977,2
12981,2
12982,2
12983,2
12984,2
12985,2
12990,2
12993,2
12994,2
12995,2
12996,2
13000,2
13001,2
13001,1
13005,2
13006,2
13007,2
13009,2
13012,2
13014,2
13015,2
13016,2
13017,2
13021,2
13022,2
13024,2
13025,1
13026,2
13027,2
13036,2
13037,2
13038,2
13039,2
13041,2
13042,1
13042,2
13043,2
13044,2
13044,1
13045,2
13047,2
13049,2
13051,2
13051,1
13053,2
13054,2
13059,2
13061,2
13062,2
13064,2
13069,2
13070,2
13071,2
13076,2
13079,2
13080,2
13083,2
13087,2
13088,9
13088,2
13092,2
13093,2
13099,2
13102,2
13106,2
13106,1
13113,2
13119,2
13121,2
13122,2
13124,2
13125,2
13127,2
13129,2
13130,2
13130,1
13131,1
13133,2
13137,2
13138,2
13142,2
13143,2
13144,2
13151,2
13154,2
13154,1
13157,2
13160,2
13163,2
13164,2
13166,2
13170,2
13170,1
13174,2
13175,1
13175,2
13179,2
13180,2
13186,2
13190,2
13202,2
13204,2
13204,1
13206,2
13213,2
13218,2
13218,1
13218,3
13219,3
13221,1
13222,2
13227,2
13235,2
13236,2
13236,1
13237,2
13238,2
13241,2
13243,2
13252,12
13255,12
13262,2
13265,2
13266,2
13266,1
13267,1
13268,2
13271,3
13273,2
13274,2
13276,2
13277,2
13278,2
13281,2
13282,2
13284,2
13286,2
13287,1
13288,2
13302,2
13306,2
13310,2
13313,2
13314,2
13316,2
13319,2
13321,2
13322,2
13323,2
13324,2
13326,2
13330,2
13332,2
13334,2
13334,1
13335,2
13336,2
13338,2
13339,22
13339,2
13340,2
13341,1
13341,2
13342,2
13347,2
13347,1
13348,2
13348,1
13351,2
13352,2
13357,2
13357,1
13359,2
13362,2
13366,2
13368,2
13369,2
13370,2
13371,2
13372,2
13373,2
13374,2
13374,1
13377,1
13377,2
13380,2
13380,1
13381,2
13384,2
13387,2
13389,2
13391,2
13394,2
13398,2
13410,2
13433,1
13435,2
13436,2
13436,1
13444,2
13449,2
13473,2
13476,2
13481,2
13485,2
13486,2
13487,2
13491,2
13507,2
13508,2
13509,2
13510,2
13520,2
13521,2
13525,1
13528,2
13531,2
13531,1
13545,2
13546,2
13548,2
13548,1
13549,2
13553,2
13558,2
13568,2
13589,2
13590,1
13591,1
13592,1
13592,13
13592,7
13592,2
13595,11
13596,2
13603,2
13605,2
13613,2
13613,1
13617,2
13618,2
13620,1
13622,2
13624,22
13624,10
13624,2
13625,2
13625,1
13626,1
13627,2
13627,1
13628,2
13631,2
13631,1
13639,2
13639,1
13641,1
13646,2
13647,2
13648,2
13651,1
13656,2
13660,2
13661,2
13662,10
13662,2
13665,2
13665,1
13667,2
13667,1
13675,2
13678,2
13681,2
13682,2
13682,1
13685,2
13692,2
13694,2
13694,1
13695,1
13695,2
13697,2
13697,1
13700,2
13702,2
13703,2
13703,1
13704,2
13704,1
13705,2
13708,2
13712,2
13714,1
13716,2
13717,2
13718,2
13719,2
13721,2
13724,2
13726,1
13726,2
13727,2
13732,2
13749,2
13752,1
13754,2
13760,2
13761,2
13762,2
13765,2
13766,2
13768,2
13769,2
13770,2
13773,2
13774,2
13775,2
13777,1
13777,2
13778,2
13781,2
13782,2
13783,2
13784,2
13786,2
13787,2
13787,1
13788,2
13789,2
13792,2
13793,2
13795,2
13798,2
13798,1
13799,2
13800,2
13802,2
13805,2
13806,2
13808,2
13809,2
13811,2
13812,2
13814,2
13815,2
13816,2
13817,2
13819,1
13819,2
13820,2
13821,2
13823,2
13824,2
13825,2
13827,2
13829,2
13830,2
13831,2
13832,2
13833,2
13833,1
13834,2
13834,1
13835,2
13836,2
13837,2
13839,2
13840,2
13841,2
13842,2
13843,2
13845,2
13847,2
13850,2
13854,2
13857,2
13858,2
13859,2
13859,6
13861,2
13861,1
13863,2
13864,2
13866,2
13867,2
13868,2
13870,2
13871,2
13872,2
13873,2
13876,2
13877,2
13878,2
13879,2
13882,2
13883,2
13883,1
13884,2
13885,2
13886,2
13887,2
13888,2
13890,2
13892,2
13894,2
13897,2
13901,2
13902,2
13903,2
13907,2
13909,2
13911,2
13912,2
13913,2
13913,1
13917,2
13918,2
13919,2
13920,2
13922,2
13926,2
13931,2
13932,2
13934,1
13954,2
13954,7
13955,1
13958,2
13958,3
13959,2
13962,2
13963,2
13965,2
13977,1
13981,2
13984,2
13985,2
13988,2
13990,2
13991,2
13992,2
13994,2
13995,2
13996,1
13996,2
13999,2
14000,2
14007,2
14008,2
14010,2
14020,2
14023,2
14028,2
14032,2
14033,2
14037,2
14039,2
14042,2
14044,2
14050,2
14052,2
14055,1
14056,2
14060,2
14064,2
14068,2
14076,2
14092,2
14102,2
14105,2
14105,1
14108,2
14112,2
14116,2
14117,1
14117,2
14125,2
14135,2
14139,2
14163,2
14170,2
14172,2
14175,2
14176,2
14179,2
14179,1
14182,2
14187,2
14189,2
14192,2
14193,2
14195,2
14213,2
14213,1
14216,2
14216,1
14229,2
14233,2
14236,2
14243,2
14248,2
14250,2
14251,2
14252,2
14262,2
14270,2
14271,2
14280,2
14283,2
14284,1
14289,2
14289,7
14294,2
14298,2
14299,2
14305,2
14307,2
14308,2
14310,2
14311,2
14315,2
14325,2
14327,1
14332,2
14340,2
14341,2
14342,2
14344,2
14345,2
14346,2
14347,2
14349,2
14350,2
14350,1
14354,2
14365,2
14367,2
14367,1
14368,2
14369,2
14370,2
14376,2
14378,2
14381,2
14381,1
14382,2
14383,2
14384,2
14387,2
14389,2
14389,1
14393,2
14394,1
14395,2
14397,2
14404,2
14408,2
14411,2
14412,2
14413,2
14414,2
14415,2
14417,2
14419,2
14431,2
14440,2
14443,2
14444,2
14445,2
14453,2
14455,2
14459,2
14460,2
14467,2
14469,2
14471,2
14472,2
14474,2
14475,1
14476,2
14483,2
14486,2
14489,2
14493,2
14496,2
14497,2
14499,2
14504,2
14509,2
14510,2
14515,2
14520,2
14524,2
14528,2
14528,1
14534,2
14535,2
14537,2
14538,2
14541,2
14546,2
14551,2
14553,2
14556,2
14567,2
14569,2
14570,2
14575,2
14578,2
14581,2
14583,1
14606,2
14608,2
14608,1
14609,2
14611,2
14614,2
14615,2
14616,2
14619,2
14619,1
14620,2
14625,2
14630,2
14631,2
14635,1
14635,2
14641,2
14646,2
14647,2
14647,1
14648,2
14662,2
14665,2
14671,2
14672,1
14679,2
14681,1
14681,2
14684,2
14684,3
14685,2
14688,2
14696,2
14698,2
14707,2
14709,2
14711,2
14712,2
14713,2
14715,2
14716,2
14717,2
14721,1
14722,2
14725,2
14725,1
14726,2
14727,2
14727,1
14732,2
14732,1
14733,2
14735,2
14738,2
14739,2
14742,2
14749,2
14751,2
14752,2
14757,1
14757,2
14759,2
14761,2
14765,1
14766,1
14767,2
14768,2
14771,2
14773,2
14774,2
14775,2
14778,2
14779,2
14781,2
14782,1
14783,2
14786,6
14787,2
14788,2
14789,2
14792,2
14794,2
14796,2
14802,2
14804,2
14810,2
14811,2
14812,1
14813,2
14814,2
14815,2
14816,2
14817,2
14818,1
14819,2
14820,2
14822,2
14825,2
14827,2
14828,2
14832,2
14841,2
14842,2
14843,2
14843,1
14845,1
14849,2
14851,2
14851,1
14853,2
14854,2
14855,2
14857,2
14857,1
14858,1
14858,2
14859,2
14873,1
14878,3
14880,2
14902,2
14907,2
14907,1
14914,2
14916,2
14988,2
15001,2
15076,2
15091,2
15094,2
15094,3
15096,2
15096,1
15097,1
15097,2
15098,2
15100,1
15100,2
15107,2
15107,1
15108,2
15113,2
15115,2
15117,2
15119,2
15121,2
15122,2
15123,2
15124,2
15124,1
15125,1
15126,1
15128,2
15130,2
15132,2
15133,2
15136,2
15138,2
15140,2
15142,2
15146,1
15147,2
15147,1
15148,2
15149,2
15150,2
15154,2
15155,2
15158,2
15160,2
15161,2
15163,1
15166,2
15171,2
15173,2
15181,2
15181,1
15183,1
15183,2
15188,2
15189,2
15189,1
15190,2
15191,2
15193,2
15194,1
15195,2
15196,2
15197,2
15203,2
15206,2
15207,2
15210,2
15213,2
15214,2
15218,2
15222,2
15223,2
15225,2
15226,2
15227,2
15229,2
15230,2
15234,2
15236,1
15238,2
15240,2
15241,2
15244,2
15246,2
15247,1
15247,2
15251,2
15251,1
15254,2
15255,2
15257,2
15261,2
15267,2
15273,2
15274,2
15276,2
15277,2
15278,2
15278,1
15280,2
15281,2
15282,2
15283,2
15285,2
15286,2
15288,2
15290,2
15294,2
15295,2
15295,1
15296,1
15298,2
15299,2
15300,2
15303,2
15307,2
15310,2
15313,2
15314,2
15319,2
15321,2
15324,2
15325,2
15332,1
15333,2
15335,2
15338,2
15339,2
15340,2
15345,2
15346,2
15353,2
15354,2
15362,7
15363,2
15366,2
15368,2
15371,2
15373,2
15374,2
15377,2
15382,2
15386,2
15390,2
15391,2
15391,14
15393,2
15399,2
15400,2
15408,2
15411,2
15413,2
15414,2
15415,2
15418,2
15419,2
15434,2
15435,1
15435,2
15442,2
15448,2
15449,2
15449,1
15449,14
15454,2
15456,2
15457,2
15461,2
15463,2
15464,2
15465,2
15466,2
15467,2
15470,2
15471,2
15474,2
15476,2
15476,1
15477,2
15478,2
15480,2
15485,2
15489,2
15489,1
15497,2
15500,2
15514,2
15518,2
15519,2
15532,2
15533,2
15534,3
15535,3
15538,2
15541,2
15542,2
15544,2
15545,2
15546,2
15550,2
15552,2
15553,2
15557,2
15558,2
15561,2
15562,2
15564,2
15574,2
15575,2
15576,2
15578,2
15579,2
15580,2
15589,2
15590,2
15592,2
15595,2
15597,2
15598,2
15599,2
15601,2
15602,2
15603,2
15606,2
15607,2
15609,2
15611,2
15625,2
15625,1
15629,2
15629,1
15632,2
15634,2
15634,1
15636,2
15637,2
15637,1
15640,2
15641,2
15642,2
15643,1
15645,2
15645,1
15647,2
15650,2
15652,2
15653,2
15653,1
15657,2
15658,1
15663,2
15667,2
15668,2
15670,2
15679,2
15681,2
15687,2
15688,2
15689,2
15690,2
15691,2
15693,2
15694,2
15695,2
15696,2
15697,2
15700,2
15701,2
15702,2
15703,2
15704,1
15711,2
15712,2
15713,2
15718,1
15720,2
15726,2
15728,2
15730,2
15730,1
15730,3
15731,2
15732,2
15734,2
15736,2
15737,2
15747,2
15767,6
15768,2
15774,2
15774,1
15775,2
15778,2
15779,2
15783,2
15787,2
15793,2
15811,2
15827,2
15827,1
15833,2
15834,2
15844,2
15853,2
15855,2
15856,2
15862,2
15864,2
15865,2
15866,2
15869,2
15882,2
15885,2
15886,2
15888,2
15892,2
15894,2
15900,2
15905,2
15906,2
15906,1
15907,2
15907,1
15909,2
15910,2
15911,3
15912,2
15913,2
15914,1
15914,2
15918,1
15919,2
15920,2
15921,2
15924,9
15924,2
15926,2
15926,5
15926,7
15933,2
15933,1
15935,2
15935,1
15942,5
15942,2
15942,1
15943,2
15944,2
15945,2
15946,2
15948,2
15949,2
15949,1
15951,2
15952,2
15953,2
15964,2
15964,1
15965,2
15966,2
15967,2
15969,2
15969,14
15972,10
15972,1
15976,2
15976,1
15979,2
15979,1
15980,2
15981,2
15982,2
15983,2
15983,1
15986,2
15987,2
15989,2
15991,2
15991,1
15992,2
15992,1
15993,2
15996,2
15998,2
15998,1
15999,2
16000,2
16002,2
16006,2
16007,2
16009,2
16012,2
16013,2
16016,2
16018,2
16021,2
16023,2
16025,10
16025,2
16027,2
16029,2
16031,2
16032,2
16036,2
16037,2
16040,1
16041,2
16042,2
16042,1
16043,2
16043,1
16044,2
16044,1
16045,2
16045,14
16046,2
16046,1
16047,1
16047,2
16048,1
16056,2
16057,2
16060,2
16061,1
16061,2
16062,2
16062,1
16063,2
16064,2
16066,2
16069,2
16070,2
16074,2
16078,2
16086,2
16087,3
16088,2
16088,1
16094,2
16096,2
16097,2
16104,2
16107,2
16108,2
16111,2
16114,2
16116,2
16117,2
16118,3
16119,2
16120,2
16121,2
16121,3
16123,3
16126,2
16127,2
16134,3
16135,1
16139,2
16142,2
16143,18
16143,3
16148,2
16155,2
16156,2
16157,2
16160,2
16170,2
16176,2
16177,2
16178,2
16180,2
16181,2
16183,2
16184,2
16184,1
16185,1
16193,2
16194,2
16194,1
16195,3
16195,2
16197,2
16198,2
16198,3
16200,2
16202,2
16202,1
16205,2
16206,2
16208,2
16212,2
16214,2
16215,2
16218,2
16222,2
16223,2
16225,2
16233,2
16233,1
16238,2
16239,2
16240,2
16241,2
16245,3
16245,2
16246,2
16246,1
16252,2
16252,1
16254,2
16256,2
16257,2
16261,2
16265,2
16269,1
16272,3
16274,2
16278,2
16279,2
16281,1
16282,2
16283,2
16288,3
16291,2
16292,2
16295,2
16296,6
16304,2
16306,2
16310,2
16310,1
16311,2
16316,2
16320,2
16321,3
16326,2
16336,2
16338,2
16347,2
16347,1
16348,2
16348,1
16354,2
16359,2
16360,2
16362,2
16364,2
16367,2
16369,2
16378,2
16379,2
16382,2
16383,2
16388,2
16391,2
16394,2
16395,2
16399,1
16401,2
16406,1
16409,2
16416,2
16420,2
16423,2
16426,2
16429,2
16434,2
16437,1
16437,2
16446,2
16446,1
16451,2
16452,2
16455,2
16458,2
16459,2
16460,2
16461,2
16463,2
16464,2
16467,3
16475,2
16477,2
16479,2
16483,2
16485,2
16486,2
16488,1
16489,2
16491,2
16491,1
16493,2
16498,2
16499,2
16500,2
16500,1
16505,2
16506,2
16513,2
16514,2
16515,2
16516,2
16517,2
16519,1
16521,2
16521,1
16525,2
16527,2
16528,2
16529,1
16531,2
16532,2
16538,1
16538,2
16539,2
16539,1
16539,3
16541,2
16542,2
16543,2
16544,2
16544,1
16547,2
16549,2
16554,2
16556,2
16558,2
16563,2
16563,1
16564,2
16565,2
16565,1
16567,2
16570,2
16571,2
16571,1
16575,2
16576,1
16581,2
16582,2
16585,2
16588,2
16593,2
16594,2
16597,2
16598,2
16612,2
16615,1
16615,2
16618,2
16619,2
16619,1
16622,2
16627,2
16636,2
16637,2
16642,1
16642,2
16643,2
16646,2
16648,2
16650,2
16653,2
16656,2
16661,2
16664,2
16672,1
16679,2
16681,2
16683,2
16683,3
16690,2
16696,2
16696,7
16703,1
16707,2
16711,2
16712,6
16712,2
16715,2
16716,2
16716,1
16717,2
16719,2
16721,2
16727,2
16728,2
16734,2
16735,2
16736,2
16737,2
16738,2
16743,2
16744,2
16745,2
16746,2
16747,2
16749,3
16752,2
16753,3
16758,2
16759,2
16759,1
16764,3
16765,2
16765,1
16766,2
16775,2
16778,2
16781,1
16781,23
16784,3
16785,2
16787,1
16788,2
16789,2
16789,1
16795,2
16797,2
16802,2
16804,2
16811,2
16813,2
16815,2
16820,3
16824,2
16826,2
16827,2
16831,2
16832,2
16832,1
16833,2
16833,1
16834,1
16834,2
16836,2
16837,2
16839,2
16840,1
16841,2
16841,1
16843,2
16845,2
16847,2
16849,2
16852,2
16856,2
16862,2
16867,2
16868,2
16869,1
16870,1
16872,2
16874,1
16884,2
16885,2
16887,2
16891,2
16892,2
16894,2
16901,2
16903,2
16904,2
16905,2
16906,2
16907,2
16917,2
16919,2
16935,2
16946,2
16964,2
17007,2
17014,2
17017,2
17019,2
17021,2
17023,2
17024,2
17024,1
17028,2
17031,2
17034,2
17042,2
17043,2
17045,2
17058,2
17059,7
17059,2
17060,2
17068,2
17074,2
17076,1
17076,2
17078,2
17079,1
17080,2
17081,2
17082,2
17083,2
17094,2
17095,2
17095,1
17096,2
17098,2
17099,2
17100,2
17101,2
17103,2
17104,22
17105,2
17107,2
17108,2
17110,6
17110,2
17111,2
17111,1
17112,10
17112,2
17114,2
17116,2
17123,2
17130,2
17134,2
17137,2
17141,3
17141,2
17147,2
17147,1
17150,2
17151,2
17153,2
17154,2
17156,2
17159,2
17160,2
17161,2
17167,7
17168,2
17169,2
17171,2
17172,2
17175,2
17178,2
17179,2
17180,2
17181,2
17184,2
17186,2
17187,2
17191,2
17195,2
17198,2
17199,2
17203,2
17204,2
17207,2
17208,2
17209,2
17210,2
17211,2
17213,1
17214,2
17216,2
17217,2
17220,2
17221,2
17224,2
17225,2
17227,2
17228,2
17229,2
17233,2
17235,2
17237,2
17242,2
17243,2
17247,2
17253,2
17266,1
17278,2
17283,2
17285,2
17286,3
17286,9
17287,2
17288,2
17289,2
17295,2
17297,2
17300,2
17307,2
17308,2
17310,6
17310,2
17311,2
17324,2
17326,2
17329,2
17339,2
17343,2
17349,2
17353,2
17359,2
17364,2
17370,2
17380,1
17380,2
17397,2
17404,2
17413,2
17414,2
17415,2
17417,2
17423,2
17426,2
17429,2
17432,2
17434,2
17434,1
17437,2
17439,2
17444,2
17444,1
17447,2
17448,1
17456,2
17456,1
17457,2
17458,1
17459,2
17464,2
17468,2
17469,2
17471,2
17475,3
17475,2
17476,2
17477,2
17479,2
17480,2
17481,2
17482,2
17486,1
17486,2
17487,2
17489,2
17489,1
17493,2
17499,2
17500,2
17503,2
17504,2
17505,2
17506,2
17507,2
17509,2
17510,2
17514,2
17521,2
17524,2
17531,2
17537,2
17545,2
17546,1
17556,2
17557,2
17569,2
17575,1
17575,2
17576,2
17577,2
17577,1
17579,1
17579,2
17582,2
17585,2
17586,2
17591,2
17592,1
17592,2
17600,2
17601,1
17602,2
17602,1
17603,2
17603,1
17611,2
17613,2
17615,2
17617,2
17618,2
17618,1
17619,2
17622,2
17623,2
17625,2
17625,1
17628,2
17629,2
17630,2
17632,1
17632,2
17634,2
17635,3
17637,2
17641,2
17642,2
17645,2
17651,2
17653,2
17653,1
17654,2
17654,1
17656,2
17709,2
17726,2
17806,2
17807,2
17808,2
17812,2
17816,2
17817,2
17818,2
17822,2
17822,1
17823,2
17824,1
17826,2
17826,1
17827,2
17828,2
17830,7
17831,2
17831,1
17832,2
17833,2
17835,1
17836,2
17838,2
17843,2
17843,1
17844,2
17845,2
17845,1
17846,2
17850,2
17851,2
17852,2
17856,2
17861,2
17864,2
17864,1
17872,2
17873,2
17874,2
17875,2
17877,2
17879,2
17879,1
17880,2
17881,2
17883,2
17884,2
17885,2
17887,2
17890,2
17890,1
17892,2
17893,2
17899,2
17908,2
17910,2
17913,1
17914,2
17915,2
17918,2
17918,1
17919,2
17922,1
17924,2
17926,2
17927,2
17929,2
17932,2
17939,2
17939,1
17940,2
17942,2
17943,2
17944,2
17947,2
17948,2
17950,12
17950,11
17950,2
17952,2
17953,2
17966,2
17966,1
17967,2
17967,1
17970,2
17974,1
17975,2
17975,1
17976,2
17977,2
17978,2
17991,2
17993,1
17993,2
17994,2
17994,1
17995,2
17996,2
17996,1
17997,2
17998,2
18003,2
18006,2
18008,2
18009,2
18010,2
18011,2
18012,2
18013,2
18015,2
18016,2
18017,2
18021,2
18022,2
18023,2
18029,2
18032,2
18033,3
18034,2
18042,2
18042,1
18043,2
18044,1
18046,1
18049,2
18051,2
18051,1
18062,2
18065,2
18069,2
18069,1
18070,2
18070,1
18071,2
18072,2
18073,3
18074,2
18075,2
18076,2
18077,3
18081,2
18082,2
18082,1
18086,2
18096,2
18096,1
18097,2
18099,2
18100,2
18102,1
18102,2
18103,2
18103,3
18113,2
18115,2
18116,2
18117,2
18119,2
18120,2
18122,2
18124,2
18124,1
18125,2
18126,2
18127,2
18128,1
18133,2
18134,2
18135,2
18136,2
18146,2
18147,2
18156,2
18160,2
18161,2
18162,2
18163,2
18164,2
18164,1
18166,1
18166,2
18167,2
18170,2
18171,2
18171,1
18177,2
18183,1
18185,2
18186,2
18188,2
18191,2
18194,2
18199,2
18201,1
18204,2
18206,2
18207,2
18212,2
18213,2
18220,2
18221,1
18226,2
18227,2
18227,1
18228,2
18229,2
18231,2
18232,3
18233,3
18239,2
18241,1
18243,2
18245,2
18245,1
18247,2
18249,2
18252,2
18253,2
18254,2
18255,1
18256,2
18257,2
18258,1
18258,2
18278,2
18278,1
18279,2
18281,2
18284,2
18289,2
18290,2
18291,2
18291,1
18293,2
18293,1
18296,2
18298,2
18300,2
18301,2
18302,2
18304,2
18306,2
18306,1
18307,2
18310,2
18310,1
18312,2
18313,2
18314,2
18316,2
18319,2
18321,1
18326,1
18326,2
18330,2
18331,2
18332,2
18335,2
18337,2
18342,2
18349,2
18350,2
18351,2
18353,2
18357,2
18361,2
18362,2
18366,2
18370,2
18372,2
18372,1
18382,2
18388,3
18415,2
18418,2
18423,2
18428,2
18443,2
18447,2
18447,1
18450,2
18485,2
18492,2
18492,1
18493,2
18493,1
18494,2
18494,1
18502,2
18503,2
18504,2
18511,2
18513,2
18516,2
18518,2
18519,1
18519,2
18520,2
18520,1
18522,2
18524,2
18526,2
18543,2
18548,1
18553,2
18556,2
18564,2
18568,2
18576,2
18580,2
18581,2
18582,2
18582,1
18584,2
18585,2
18590,2
18591,2
18598,2
18601,1
18604,2
18605,1
18608,2
18631,2
18632,2
18639,1
18641,2
18642,2
18647,2
18661,2
18663,1
18677,2
18683,2
18692,2
18695,2
18702,2
18703,2
18707,2
18708,2
18711,1
18712,2
18716,2
18719,2
18727,2
18732,1
18742,1
18743,2
18746,2
18746,3
18749,2
18750,2
18752,2
18754,2
18754,3
18755,2
18755,1
18766,2
18789,2
18793,2
18796,2
18797,2
18798,2
18805,2
18811,2
18817,2
18821,2
18831,2
18838,2
18842,1
18843,1
18844,2
18850,2
18852,2
18864,2
18874,2
18878,2
18879,2
18880,6
18880,2
18883,2
18906,2
18916,2
18918,2
18926,2
18930,2
18934,2
18934,6
18937,2
18938,1
18939,1
18940,2
18952,2
18952,1
18954,1
18957,2
18961,2
18965,2
18973,2
18978,2
18978,3
18979,2
18980,2
18982,2
18984,1
18985,2
18993,1
18993,2
18995,2
18995,7
18997,2
19004,2
19006,2
19011,2
19016,2
19029,2
19032,2
19037,2
19042,2
19055,2
19056,2
19056,1
19057,1
19057,2
19067,2
19072,2
19074,2
19075,2
19077,2
19083,2
19094,7
19102,2
19103,2
19112,2
19117,2
19120,2
19122,2
19130,1
19132,2
19136,2
19138,2
19166,2
19167,2
19186,2
19194,2
19235,2
19250,2
19251,2
19252,2
19254,2
19269,2
19270,2
19270,3
19275,2
19281,2
19285,2
19286,2
19292,2
19297,2
19302,2
19306,2
19309,2
19314,2
19323,2
19326,1
19331,2
19337,2
19343,2
19344,2
19348,2
19349,2
19351,3
19352,2
19353,2
19355,2
19356,2
19358,2
19359,2
19360,2
19366,2
19368,2
19374,1
19377,2
19377,1
19382,2
19383,2
19384,2
19387,2
19387,1
19388,2
19396,2
19397,2
19399,2
19401,2
19403,2
19404,2
19406,2
19408,2
19411,1
19411,2
19412,2
19413,1
19413,2
19414,2
19414,1
19415,2
19416,2
19416,1
19417,2
19425,1
19425,2
19427,2
